order_item_id,order_id,product_id,quantity,unit_price,subtotal
1,1,1,3,2.99,8.97
2,1,2,1,4.49,4.49
3,1,3,2,3.99,7.98
4,1,4,2,8.99,17.98
5,2,5,2,3.49,6.98
6,2,6,1,5.99,5.99
7,2,7,1,5.49,5.49
8,2,8,2,6.99,13.98
9,3,1,4,2.99,11.96
10,3,2,2,4.49,8.98
11,3,3,3,3.99,11.97
12,3,4,5,8.99,44.95
13,4,9,2,4.99,9.98
14,4,10,3,6.99,20.97
15,4,11,2,5.49,10.98
16,4,12,1,14.99,14.99
17,5,13,3,3.99,11.97
18,5,14,2,4.99,9.98
19,5,15,4,5.99,23.96
20,5,16,3,7.99,23.97
21,6,17,2,5.99,11.98
22,6,18,1,6.49,6.49
23,6,19,3,2.99,8.97
24,6,20,1,12.99,12.99
25,7,5,3,3.49,10.47
26,7,6,2,5.99,11.98
27,7,7,4,5.49,21.96
28,7,8,3,6.99,20.97
29,8,21,4,2.99,11.96
30,8,22,2,5.49,10.98
31,8,23,3,7.99,23.97
32,8,24,2,16.99,33.98
33,9,25,3,6.99,20.97
34,9,26,2,4.99,9.98
35,9,27,1,5.49,5.49
36,9,28,2,9.99,19.98
37,10,9,2,4.99,9.98
38,10,10,1,6.99,6.99
39,10,11,2,5.49,10.98
40,10,12,1,14.99,14.99
41,11,29,5,2.49,12.45
42,11,30,3,4.49,13.47
43,11,31,4,4.49,17.96
44,11,32,6,13.99,83.94
45,12,33,8,1.99,15.92
46,12,34,3,3.99,11.97
47,12,35,4,3.49,13.96
48,12,36,2,15.99,31.98
49,13,13,3,3.99,11.97
50,13,14,2,4.99,9.98
51,13,15,3,5.99,17.97
52,13,16,2,7.99,15.98
53,14,37,4,3.99,15.96
54,14,38,2,8.99,17.98
55,14,39,3,4.99,14.97
56,14,40,2,11.99,23.98
57,15,17,3,5.99,17.97
58,15,18,2,6.49,12.98
59,15,19,5,2.99,14.95
60,15,20,4,12.99,51.96
61,16,1,4,2.99,11.96
62,16,41,3,4.49,13.47
63,16,42,2,6.99,13.98
64,16,43,1,2.99,2.99
65,17,1,5,2.99,14.95
66,17,2,2,4.49,8.98
67,17,3,3,3.99,11.97
68,17,4,3,8.99,26.97
69,18,5,4,3.49,13.96
70,18,6,3,5.99,17.97
71,18,7,2,5.49,10.98
72,18,8,5,6.99,34.95
73,19,5,3,3.49,10.47
74,19,6,2,5.99,11.98
75,19,7,4,5.49,21.96
76,19,42,2,6.99,13.98
77,20,9,4,4.99,19.96
78,20,10,3,6.99,20.97
79,20,11,2,5.49,10.98
80,20,12,3,14.99,44.97
81,21,21,3,2.99,8.97
82,21,22,2,5.49,10.98
83,21,23,2,7.99,15.98
84,21,24,1,16.99,16.99
85,22,13,4,3.99,15.96
86,22,14,2,4.99,9.98
87,22,15,3,5.99,17.97
88,22,16,3,7.99,23.97
89,23,25,5,6.99,34.95
90,23,26,3,4.99,14.97
91,23,27,2,5.49,10.98
92,23,28,3,9.99,29.97
93,24,29,6,2.49,14.94
94,24,30,3,4.49,13.47
95,24,44,2,12.99,25.98
96,24,45,1,8.99,8.99
97,25,9,3,4.99,14.97
98,25,10,4,6.99,27.96
99,25,11,2,5.49,10.98
100,25,12,2,14.99,29.98
101,26,33,6,1.99,11.94
102,26,34,2,3.99,7.98
103,26,35,3,3.49,10.47
104,26,36,2,15.99,31.98
105,27,37,3,3.99,11.97
106,27,38,1,8.99,8.99
107,27,39,2,4.99,9.98
108,27,40,1,11.99,11.99
109,28,13,5,3.99,19.95
110,28,14,3,4.99,14.97
111,28,15,4,5.99,23.96
112,28,16,4,7.99,31.96
113,28,44,1,12.99,12.99
114,29,17,2,5.99,11.98
115,29,18,2,6.49,12.98
116,29,19,4,2.99,11.96
117,29,46,2,11.99,23.98
118,30,21,5,2.99,14.95
119,30,22,3,5.49,16.47
120,30,23,2,7.99,15.98
121,30,24,2,16.99,33.98
122,30,47,1,7.99,7.99
123,31,25,3,6.99,20.97
124,31,26,2,4.99,9.98
125,31,27,3,5.49,16.47
126,31,48,2,5.49,10.98
127,32,1,6,2.99,17.94
128,32,2,3,4.49,13.47
129,32,3,4,3.99,15.96
130,32,4,4,8.99,35.96
131,33,33,7,1.99,13.93
132,33,34,3,3.99,11.97
133,33,35,2,3.49,6.98
134,33,49,1,6.99,6.99
135,34,5,4,3.49,13.96
136,34,6,3,5.99,17.97
137,34,7,2,5.49,10.98
138,34,8,4,6.99,27.96
139,35,9,5,4.99,24.95
140,35,10,4,6.99,27.96
141,35,11,3,5.49,16.47
142,35,12,2,14.99,29.98
143,36,9,3,4.99,14.97
144,36,10,2,6.99,13.98
145,36,11,2,5.49,10.98
146,36,43,3,2.99,8.97
147,37,13,6,3.99,23.94
148,37,14,3,4.99,14.97
149,37,15,4,5.99,23.96
150,37,16,3,7.99,23.97
151,38,21,4,2.99,11.96
152,38,22,2,5.49,10.98
153,38,23,1,7.99,7.99
154,38,50,1,8.49,8.49
155,39,25,4,6.99,27.96
156,39,26,3,4.99,14.97
157,39,27,2,5.49,10.98
158,39,28,3,9.99,29.97
159,40,29,5,2.49,12.45
160,40,30,3,4.49,13.47
161,40,31,4,4.49,17.96
162,40,32,2,13.99,27.98
163,41,1,5,2.99,14.95
164,41,2,2,4.49,8.98
165,41,3,3,3.99,11.97
166,41,41,3,4.49,13.47
167,42,5,5,3.49,17.45
168,42,6,3,5.99,17.97
169,42,7,3,5.49,16.47
170,42,8,6,6.99,41.94
171,43,1,4,2.99,11.96
172,43,2,2,4.49,8.98
173,43,3,2,3.99,7.98
174,43,43,2,2.99,5.98
175,44,9,6,4.99,29.94
176,44,10,4,6.99,27.96
177,44,11,3,5.49,16.47
178,44,12,2,14.99,29.98
179,45,13,5,3.99,19.95
180,45,14,3,4.99,14.97
181,45,15,3,5.99,17.97
182,45,16,2,7.99,15.98
183,46,17,4,5.99,23.96
184,46,18,2,6.49,12.98
185,46,19,5,2.99,14.95
186,46,20,2,12.99,25.98
187,47,5,4,3.49,13.96
188,47,6,2,5.99,11.98
189,47,7,3,5.49,16.47
190,47,42,2,6.99,13.98
191,48,21,6,2.99,17.94
192,48,22,3,5.49,16.47
193,48,23,3,7.99,23.97
194,48,24,3,16.99,50.97
195,49,25,3,6.99,20.97
196,49,26,2,4.99,9.98
197,49,27,2,5.49,10.98
198,49,28,1,9.99,9.99
199,50,9,4,4.99,19.96
200,50,10,3,6.99,20.97
201,50,11,3,5.49,16.47
202,50,12,2,14.99,29.98
203,51,29,5,2.49,12.45
204,51,30,3,4.49,13.47
205,51,31,4,4.49,17.96
206,51,32,1,13.99,13.99
207,52,33,8,1.99,15.92
208,52,34,4,3.99,15.96
209,52,35,5,3.49,17.45
210,52,36,2,15.99,31.98
211,53,13,4,3.99,15.96
212,53,14,3,4.99,14.97
213,53,15,4,5.99,23.96
214,53,16,2,7.99,15.98
215,54,37,5,3.99,19.95
216,54,38,2,8.99,17.98
217,54,39,4,4.99,19.96
218,54,40,3,11.99,35.97
219,55,17,2,5.99,11.98
220,55,18,1,6.49,6.49
221,55,19,4,2.99,11.96
222,55,45,1,8.99,8.99
223,56,1,6,2.99,17.94
224,56,2,3,4.49,13.47
225,56,3,5,3.99,19.95
226,56,4,4,8.99,35.96
227,57,1,5,2.99,14.95
228,57,2,2,4.49,8.98
229,57,3,4,3.99,15.96
230,57,4,3,8.99,26.97
231,58,5,5,3.49,17.45
232,58,6,4,5.99,23.96
233,58,7,3,5.49,16.47
234,58,8,5,6.99,34.95
235,59,5,3,3.49,10.47
236,59,6,3,5.99,17.97
237,59,7,2,5.49,10.98
238,59,42,3,6.99,20.97
239,60,9,5,4.99,24.95
240,60,10,4,6.99,27.96
241,60,11,3,5.49,16.47
242,60,12,2,14.99,29.98
243,61,21,4,2.99,11.96
244,61,85,1,4.99,4.99
245,61,70,3,18.99,56.97
246,62,51,3,5.99,17.97
247,62,52,5,4.49,22.45
248,62,56,5,7.99,39.95
249,63,27,1,5.49,5.49
250,63,72,3,2.49,7.47
251,63,87,5,11.99,59.95
252,63,16,1,7.99,7.99
253,64,53,4,3.99,15.96
254,64,96,2,6.99,13.98
255,65,95,2,5.49,10.98
256,65,100,3,5.99,17.97
257,65,75,4,1.49,5.96
258,65,46,1,11.99,11.99
259,65,9,2,4.99,9.98
260,65,7,5,5.49,27.45
261,66,64,4,3.99,15.96
262,66,90,3,2.99,8.97
263,66,1,2,2.99,5.98
264,66,10,1,6.99,6.99
265,66,2,2,4.49,8.98
266,66,9,4,4.99,19.96
267,67,40,1,11.99,11.99
268,67,71,3,2.99,8.97
269,67,47,5,7.99,39.95
270,67,4,4,8.99,35.96
271,67,45,5,8.99,44.95
272,67,17,2,5.99,11.98
273,68,85,3,4.99,14.97
274,68,87,3,11.99,35.97
275,68,80,4,13.99,55.96
276,69,10,4,6.99,27.96
277,69,88,3,7.99,23.97
278,69,89,3,2.99,8.97
279,69,64,2,3.99,7.98
280,69,71,1,2.99,2.99
281,70,99,5,9.99,49.95
282,70,8,3,6.99,20.97
283,70,80,5,13.99,69.95
284,70,56,1,7.99,7.99
285,70,83,4,5.49,21.96
286,71,21,5,2.99,14.95
287,71,91,3,8.99,26.97
288,71,20,3,12.99,38.97
289,71,82,1,4.49,4.49
290,72,99,4,9.99,39.96
291,73,79,2,11.99,23.98
292,73,66,4,7.99,31.96
293,73,26,2,4.99,9.98
294,73,99,5,9.99,49.95
295,73,44,3,12.99,38.97
296,73,58,5,4.99,24.95
297,74,62,2,6.99,13.98
298,74,99,3,9.99,29.97
299,74,30,4,4.49,17.96
300,74,92,3,9.99,29.97
301,74,37,1,3.99,3.99
302,75,57,1,5.49,5.49
303,75,37,4,3.99,15.96
304,75,61,1,2.99,2.99
305,76,8,3,6.99,20.97
306,76,39,5,4.99,24.95
307,77,68,1,9.99,9.99
308,78,52,3,4.49,13.47
309,78,83,1,5.49,5.49
310,78,88,4,7.99,31.96
311,78,38,3,8.99,26.97
312,79,2,1,4.49,4.49
313,79,88,1,7.99,7.99
314,79,40,3,11.99,35.97
315,79,31,2,4.49,8.98
316,79,7,3,5.49,16.47
317,79,80,3,13.99,41.97
318,80,63,5,4.49,22.45
319,80,27,2,5.49,10.98
320,80,19,1,2.99,2.99
321,80,23,3,7.99,23.97
322,80,39,2,4.99,9.98
323,81,93,2,12.99,25.98
324,81,24,4,16.99,67.96
325,81,36,5,15.99,79.95
326,81,99,1,9.99,9.99
327,81,57,3,5.49,16.47
328,81,54,2,4.29,8.58
329,82,23,4,7.99,31.96
330,83,33,2,1.99,3.98
331,83,43,4,2.99,11.96
332,83,50,4,8.49,33.96
333,84,21,1,2.99,2.99
334,84,36,3,15.99,47.97
335,84,14,3,4.99,14.97
336,84,7,5,5.49,27.45
337,85,90,2,2.99,5.98
338,85,44,5,12.99,64.95
339,85,58,4,4.99,19.96
340,86,71,3,2.99,8.97
341,86,54,5,4.29,21.45
342,86,50,2,8.49,16.98
343,86,49,2,6.99,13.98
344,86,66,3,7.99,23.97
345,86,95,2,5.49,10.98
346,87,21,5,2.99,14.95
347,87,81,2,9.99,19.98
348,87,36,3,15.99,47.97
349,87,64,3,3.99,11.97
350,88,21,3,2.99,8.97
351,89,43,4,2.99,11.96
352,89,99,5,9.99,49.95
353,89,44,2,12.99,25.98
354,89,56,4,7.99,31.96
355,89,37,4,3.99,15.96
356,90,76,2,2.79,5.58
357,91,31,4,4.49,17.96
358,91,84,3,4.99,14.97
359,91,23,5,7.99,39.95
360,91,77,3,3.49,10.47
361,91,92,4,9.99,39.96
362,92,44,4,12.99,51.96
363,92,32,4,13.99,55.96
364,92,77,4,3.49,13.96
365,93,11,4,5.49,21.96
366,93,34,1,3.99,3.99
367,93,85,5,4.99,24.95
368,93,80,1,13.99,13.99
369,94,33,1,1.99,1.99
370,94,55,2,1.99,3.98
371,94,77,5,3.49,17.45
372,94,15,3,5.99,17.97
373,95,33,5,1.99,9.95
374,95,31,5,4.49,22.45
375,96,65,2,3.49,6.98
376,96,31,5,4.49,22.45
377,96,20,5,12.99,64.95
378,97,56,3,7.99,23.97
379,97,17,1,5.99,5.99
380,97,36,4,15.99,63.96
381,97,90,2,2.99,5.98
382,97,85,4,4.99,19.96
383,98,50,1,8.49,8.49
384,98,19,4,2.99,11.96
385,98,43,5,2.99,14.95
386,98,28,4,9.99,39.96
387,98,84,1,4.99,4.99
388,98,95,1,5.49,5.49
389,99,33,3,1.99,5.97
390,100,4,1,8.99,8.99
391,100,46,3,11.99,35.97
392,100,74,5,2.29,11.45
393,100,5,1,3.49,3.49
394,100,72,3,2.49,7.47
395,100,73,5,1.99,9.95
396,101,18,3,6.49,19.47
397,101,83,1,5.49,5.49
398,101,68,1,9.99,9.99
399,101,55,5,1.99,9.95
400,102,4,5,8.99,44.95
401,102,22,1,5.49,5.49
402,102,91,2,8.99,17.98
403,102,71,5,2.99,14.95
404,102,53,2,3.99,7.98
405,102,93,5,12.99,64.95
406,103,79,4,11.99,47.96
407,103,44,2,12.99,25.98
408,103,46,2,11.99,23.98
409,103,20,2,12.99,25.98
410,103,65,3,3.49,10.47
411,103,68,3,9.99,29.97
412,104,2,1,4.49,4.49
413,104,77,4,3.49,13.96
414,104,54,5,4.29,21.45
415,104,53,2,3.99,7.98
416,104,9,1,4.99,4.99
417,104,86,1,5.49,5.49
418,105,79,2,11.99,23.98
419,106,85,1,4.99,4.99
420,106,64,5,3.99,19.95
421,106,54,1,4.29,4.29
422,106,10,2,6.99,13.98
423,106,14,2,4.99,9.98
424,107,43,4,2.99,11.96
425,108,74,5,2.29,11.45
426,109,17,4,5.99,23.96
427,109,20,1,12.99,12.99
428,109,99,1,9.99,9.99
429,109,5,3,3.49,10.47
430,110,67,4,8.49,33.96
431,110,40,2,11.99,23.98
432,110,77,2,3.49,6.98
433,110,54,5,4.29,21.45
434,111,53,5,3.99,19.95
435,111,23,4,7.99,31.96
436,111,64,5,3.99,19.95
437,112,71,4,2.99,11.96
438,113,36,1,15.99,15.99
439,113,26,2,4.99,9.98
440,114,90,2,2.99,5.98
441,114,99,2,9.99,19.98
442,115,57,5,5.49,27.45
443,115,40,2,11.99,23.98
444,115,26,4,4.99,19.96
445,115,5,4,3.49,13.96
446,115,4,3,8.99,26.97
447,116,10,1,6.99,6.99
448,116,18,5,6.49,32.45
449,116,33,4,1.99,7.96
450,117,34,3,3.99,11.97
451,117,87,4,11.99,47.96
452,117,100,4,5.99,23.96
453,118,36,1,15.99,15.99
454,118,80,4,13.99,55.96
455,118,66,4,7.99,31.96
456,118,90,4,2.99,11.96
457,118,57,2,5.49,10.98
458,118,28,1,9.99,9.99
459,119,34,4,3.99,15.96
460,119,58,1,4.99,4.99
461,119,41,5,4.49,22.45
462,120,31,1,4.49,4.49
463,120,41,5,4.49,22.45
464,120,81,3,9.99,29.97
465,120,18,1,6.49,6.49
466,121,72,5,2.49,12.45
467,121,86,4,5.49,21.96
468,121,70,1,18.99,18.99
469,121,65,3,3.49,10.47
470,121,95,2,5.49,10.98
471,121,71,4,2.99,11.96
472,122,61,4,2.99,11.96
473,122,24,3,16.99,50.97
474,122,21,1,2.99,2.99
475,122,53,2,3.99,7.98
476,122,29,3,2.49,7.47
477,122,47,5,7.99,39.95
478,123,60,2,2.99,5.98
479,123,43,3,2.99,8.97
480,123,30,5,4.49,22.45
481,123,96,4,6.99,27.96
482,123,42,5,6.99,34.95
483,124,50,2,8.49,16.98
484,125,70,2,18.99,37.98
485,125,54,3,4.29,12.87
486,125,64,5,3.99,19.95
487,125,74,3,2.29,6.87
488,125,37,4,3.99,15.96
489,125,78,2,12.99,25.98
490,126,59,3,3.99,11.97
491,126,47,4,7.99,31.96
492,126,75,1,1.49,1.49
493,127,57,4,5.49,21.96
494,127,82,4,4.49,17.96
495,127,28,4,9.99,39.96
496,127,30,5,4.49,22.45
497,127,71,2,2.99,5.98
498,127,24,5,16.99,84.95
499,128,6,5,5.99,29.95
500,128,4,5,8.99,44.95
501,128,81,3,9.99,29.97
502,128,33,2,1.99,3.98
503,128,87,3,11.99,35.97
504,128,45,5,8.99,44.95
505,129,3,3,3.99,11.97
506,129,29,5,2.49,12.45
507,129,72,5,2.49,12.45
508,129,34,4,3.99,15.96
509,129,62,1,6.99,6.99
510,130,98,1,8.49,8.49
511,131,9,2,4.99,9.98
512,131,19,2,2.99,5.98
513,131,29,1,2.49,2.49
514,131,47,1,7.99,7.99
515,131,40,4,11.99,47.96
516,131,30,4,4.49,17.96
517,132,100,2,5.99,11.98
518,132,25,2,6.99,13.98
519,132,20,1,12.99,12.99
520,133,29,4,2.49,9.96
521,133,88,4,7.99,31.96
522,134,28,1,9.99,9.99
523,135,42,3,6.99,20.97
524,135,60,1,2.99,2.99
525,135,11,1,5.49,5.49
526,135,92,1,9.99,9.99
527,135,85,4,4.99,19.96
528,136,3,5,3.99,19.95
529,136,1,1,2.99,2.99
530,136,34,2,3.99,7.98
531,137,45,1,8.99,8.99
532,137,90,4,2.99,11.96
533,137,67,4,8.49,33.96
534,138,47,5,7.99,39.95
535,138,65,5,3.49,17.45
536,139,10,2,6.99,13.98
537,139,7,3,5.49,16.47
538,140,4,4,8.99,35.96
539,140,9,3,4.99,14.97
540,140,62,2,6.99,13.98
541,140,43,2,2.99,5.98
542,141,72,2,2.49,4.98
543,141,95,4,5.49,21.96
544,141,80,5,13.99,69.95
545,141,29,2,2.49,4.98
546,141,64,1,3.99,3.99
547,141,49,5,6.99,34.95
548,142,71,1,2.99,2.99
549,143,25,1,6.99,6.99
550,143,95,2,5.49,10.98
551,144,18,3,6.49,19.47
552,145,49,5,6.99,34.95
553,145,51,5,5.99,29.95
554,145,73,1,1.99,1.99
555,145,82,3,4.49,13.47
556,146,12,5,14.99,74.95
557,146,84,4,4.99,19.96
558,147,66,2,7.99,15.98
559,147,2,5,4.49,22.45
560,148,19,5,2.99,14.95
561,148,79,3,11.99,35.97
562,148,5,3,3.49,10.47
563,148,14,5,4.99,24.95
564,149,63,2,4.49,8.98
565,149,94,1,8.99,8.99
566,149,4,4,8.99,35.96
567,149,30,4,4.49,17.96
568,149,41,4,4.49,17.96
569,150,60,5,2.99,14.95
570,151,17,2,5.99,11.98
571,152,47,3,7.99,23.97
572,152,22,1,5.49,5.49
573,152,52,1,4.49,4.49
574,152,80,4,13.99,55.96
575,152,62,2,6.99,13.98
576,153,41,5,4.49,22.45
577,154,44,3,12.99,38.97
578,154,10,1,6.99,6.99
579,154,98,2,8.49,16.98
580,154,83,3,5.49,16.47
581,154,21,3,2.99,8.97
582,155,41,3,4.49,13.47
583,155,100,1,5.99,5.99
584,155,9,2,4.99,9.98
585,155,5,3,3.49,10.47
586,156,88,5,7.99,39.95
587,157,66,2,7.99,15.98
588,157,14,5,4.99,24.95
589,157,46,5,11.99,59.95
590,157,59,5,3.99,19.95
591,157,87,3,11.99,35.97
592,158,12,5,14.99,74.95
593,158,62,1,6.99,6.99
594,158,37,5,3.99,19.95
595,158,70,1,18.99,18.99
596,159,2,4,4.49,17.96
597,159,30,3,4.49,13.47
598,159,73,1,1.99,1.99
599,159,50,1,8.49,8.49
600,159,63,3,4.49,13.47
601,160,75,3,1.49,4.47
602,160,33,2,1.99,3.98
603,160,43,3,2.99,8.97
604,160,25,1,6.99,6.99
605,161,52,2,4.49,8.98
606,161,47,5,7.99,39.95
607,162,97,3,6.99,20.97
608,162,68,1,9.99,9.99
609,162,91,2,8.99,17.98
610,162,42,4,6.99,27.96
611,162,81,1,9.99,9.99
612,162,2,5,4.49,22.45
613,163,47,1,7.99,7.99
614,163,9,3,4.99,14.97
615,163,7,1,5.49,5.49
616,163,30,4,4.49,17.96
617,163,51,5,5.99,29.95
618,164,38,5,8.99,44.95
619,164,56,1,7.99,7.99
620,164,11,5,5.49,27.45
621,164,57,4,5.49,21.96
622,164,34,2,3.99,7.98
623,164,16,3,7.99,23.97
624,165,19,1,2.99,2.99
625,165,32,1,13.99,13.99
626,165,28,1,9.99,9.99
627,165,53,4,3.99,15.96
628,165,24,5,16.99,84.95
629,165,82,2,4.49,8.98
630,166,70,3,18.99,56.97
631,166,68,4,9.99,39.96
632,166,65,4,3.49,13.96
633,166,66,3,7.99,23.97
634,166,43,2,2.99,5.98
635,166,100,1,5.99,5.99
636,167,24,1,16.99,16.99
637,168,31,5,4.49,22.45
638,168,56,5,7.99,39.95
639,169,1,1,2.99,2.99
640,169,44,5,12.99,64.95
641,169,12,4,14.99,59.96
642,169,71,1,2.99,2.99
643,170,93,4,12.99,51.96
644,170,14,2,4.99,9.98
645,170,59,4,3.99,15.96
646,170,63,4,4.49,17.96
647,171,32,2,13.99,27.98
648,171,26,1,4.99,4.99
649,171,48,4,5.49,21.96
650,171,27,1,5.49,5.49
651,171,22,5,5.49,27.45
652,172,64,3,3.99,11.97
653,172,20,2,12.99,25.98
654,172,27,3,5.49,16.47
655,173,6,1,5.99,5.99
656,173,67,2,8.49,16.98
657,173,13,2,3.99,7.98
658,173,95,1,5.49,5.49
659,174,22,1,5.49,5.49
660,174,81,2,9.99,19.98
661,174,75,4,1.49,5.96
662,174,6,5,5.99,29.95
663,174,58,5,4.99,24.95
664,175,50,1,8.49,8.49
665,176,10,2,6.99,13.98
666,176,23,1,7.99,7.99
667,176,11,1,5.49,5.49
668,176,77,1,3.49,3.49
669,176,3,2,3.99,7.98
670,176,5,4,3.49,13.96
671,177,18,3,6.49,19.47
672,177,84,1,4.99,4.99
673,178,29,3,2.49,7.47
674,178,75,5,1.49,7.45
675,178,22,2,5.49,10.98
676,179,31,2,4.49,8.98
677,179,25,5,6.99,34.95
678,179,42,4,6.99,27.96
679,180,27,1,5.49,5.49
680,180,69,1,15.99,15.99
681,180,77,1,3.49,3.49
682,180,72,3,2.49,7.47
683,181,63,2,4.49,8.98
684,181,35,4,3.49,13.96
685,181,31,3,4.49,13.47
686,181,96,2,6.99,13.98
687,181,32,4,13.99,55.96
688,182,99,3,9.99,29.97
689,182,82,3,4.49,13.47
690,182,20,5,12.99,64.95
691,182,43,3,2.99,8.97
692,182,64,2,3.99,7.98
693,182,58,5,4.99,24.95
694,183,55,3,1.99,5.97
695,183,45,5,8.99,44.95
696,183,92,5,9.99,49.95
697,184,93,1,12.99,12.99
698,185,88,4,7.99,31.96
699,185,11,5,5.49,27.45
700,185,79,4,11.99,47.96
701,186,80,1,13.99,13.99
702,186,2,2,4.49,8.98
703,186,49,2,6.99,13.98
704,187,35,2,3.49,6.98
705,187,11,3,5.49,16.47
706,187,75,5,1.49,7.45
707,187,8,2,6.99,13.98
708,187,27,1,5.49,5.49
709,188,98,2,8.49,16.98
710,188,44,1,12.99,12.99
711,188,99,2,9.99,19.98
712,189,37,4,3.99,15.96
713,189,2,4,4.49,17.96
714,189,78,1,12.99,12.99
715,189,58,1,4.99,4.99
716,189,4,4,8.99,35.96
717,189,90,1,2.99,2.99
718,190,54,3,4.29,12.87
719,190,24,5,16.99,84.95
720,190,99,4,9.99,39.96
721,191,2,1,4.49,4.49
722,191,48,1,5.49,5.49
723,191,74,3,2.29,6.87
724,192,18,4,6.49,25.96
725,192,12,4,14.99,59.96
726,192,49,1,6.99,6.99
727,192,52,4,4.49,17.96
728,192,88,4,7.99,31.96
729,193,52,1,4.49,4.49
730,193,25,2,6.99,13.98
731,193,39,2,4.99,9.98
732,193,17,4,5.99,23.96
733,194,69,4,15.99,63.96
734,194,17,5,5.99,29.95
735,195,12,3,14.99,44.97
736,196,98,5,8.49,42.45
737,197,6,1,5.99,5.99
738,197,41,5,4.49,22.45
739,197,79,3,11.99,35.97
740,198,70,5,18.99,94.95
741,198,38,2,8.99,17.98
742,198,12,1,14.99,14.99
743,199,62,5,6.99,34.95
744,199,79,4,11.99,47.96
745,199,59,4,3.99,15.96
746,200,43,1,2.99,2.99
747,200,52,1,4.49,4.49
748,200,84,5,4.99,24.95
749,200,57,4,5.49,21.96
750,200,61,3,2.99,8.97
751,200,70,5,18.99,94.95
752,201,66,4,7.99,31.96
753,201,49,5,6.99,34.95
754,201,37,5,3.99,19.95
755,201,69,5,15.99,79.95
756,202,29,2,2.49,4.98
757,202,18,4,6.49,25.96
758,202,42,4,6.99,27.96
759,203,69,2,15.99,31.98
760,203,64,2,3.99,7.98
761,203,24,1,16.99,16.99
762,203,66,3,7.99,23.97
763,203,61,3,2.99,8.97
764,203,27,1,5.49,5.49
765,204,6,5,5.99,29.95
766,204,48,3,5.49,16.47
767,205,2,5,4.49,22.45
768,205,78,4,12.99,51.96
769,205,76,1,2.79,2.79
770,206,35,3,3.49,10.47
771,206,69,3,15.99,47.97
772,206,86,3,5.49,16.47
773,206,14,3,4.99,14.97
774,206,1,5,2.99,14.95
775,207,38,1,8.99,8.99
776,208,65,5,3.49,17.45
777,208,88,3,7.99,23.97
778,208,55,3,1.99,5.97
779,209,29,4,2.49,9.96
780,209,77,4,3.49,13.96
781,210,29,4,2.49,9.96
782,211,54,4,4.29,17.16
783,212,64,3,3.99,11.97
784,213,22,5,5.49,27.45
785,213,100,2,5.99,11.98
786,213,88,4,7.99,31.96
787,213,65,1,3.49,3.49
788,214,55,1,1.99,1.99
789,214,25,3,6.99,20.97
790,214,44,5,12.99,64.95
791,214,60,5,2.99,14.95
792,214,98,3,8.49,25.47
793,215,31,4,4.49,17.96
794,216,23,3,7.99,23.97
795,216,37,3,3.99,11.97
796,217,18,4,6.49,25.96
797,217,92,2,9.99,19.98
798,217,61,2,2.99,5.98
799,218,6,2,5.99,11.98
800,218,70,2,18.99,37.98
801,218,23,5,7.99,39.95
802,218,2,1,4.49,4.49
803,218,71,2,2.99,5.98
804,218,53,1,3.99,3.99
805,219,37,1,3.99,3.99
806,219,85,2,4.99,9.98
807,219,47,5,7.99,39.95
808,219,56,4,7.99,31.96
809,219,1,5,2.99,14.95
810,219,13,3,3.99,11.97
811,220,81,5,9.99,49.95
812,221,92,2,9.99,19.98
813,221,46,1,11.99,11.99
814,221,96,3,6.99,20.97
815,221,2,3,4.49,13.47
816,221,51,1,5.99,5.99
817,221,59,3,3.99,11.97
818,222,100,1,5.99,5.99
819,222,70,5,18.99,94.95
820,222,95,2,5.49,10.98
821,222,65,3,3.49,10.47
822,222,60,1,2.99,2.99
823,223,81,5,9.99,49.95
824,224,10,1,6.99,6.99
825,224,70,5,18.99,94.95
826,224,14,1,4.99,4.99
827,224,65,2,3.49,6.98
828,225,93,3,12.99,38.97
829,225,6,5,5.99,29.95
830,226,68,4,9.99,39.96
831,226,78,1,12.99,12.99
832,226,18,4,6.49,25.96
833,227,93,2,12.99,25.98
834,227,80,1,13.99,13.99
835,227,91,3,8.99,26.97
836,228,62,3,6.99,20.97
837,228,85,3,4.99,14.97
838,228,75,4,1.49,5.96
839,228,82,3,4.49,13.47
840,228,32,4,13.99,55.96
841,229,21,5,2.99,14.95
842,229,86,1,5.49,5.49
843,229,97,2,6.99,13.98
844,230,42,1,6.99,6.99
845,230,100,3,5.99,17.97
846,230,8,2,6.99,13.98
847,231,97,1,6.99,6.99
848,231,84,1,4.99,4.99
849,231,29,5,2.49,12.45
850,231,100,2,5.99,11.98
851,231,74,3,2.29,6.87
852,232,71,5,2.99,14.95
853,232,58,5,4.99,24.95
854,232,95,3,5.49,16.47
855,232,24,2,16.99,33.98
856,232,65,4,3.49,13.96
857,233,95,1,5.49,5.49
858,233,62,2,6.99,13.98
859,233,30,4,4.49,17.96
860,233,8,1,6.99,6.99
861,233,100,1,5.99,5.99
862,234,19,5,2.99,14.95
863,234,5,5,3.49,17.45
864,235,100,5,5.99,29.95
865,235,48,4,5.49,21.96
866,235,47,5,7.99,39.95
867,235,12,1,14.99,14.99
868,235,92,5,9.99,49.95
869,236,28,5,9.99,49.95
870,237,83,5,5.49,27.45
871,237,31,5,4.49,22.45
872,237,53,4,3.99,15.96
873,237,84,3,4.99,14.97
874,238,79,2,11.99,23.98
875,238,66,5,7.99,39.95
876,238,9,3,4.99,14.97
877,239,32,3,13.99,41.97
878,239,47,2,7.99,15.98
879,240,68,2,9.99,19.98
880,240,52,4,4.49,17.96
881,240,26,3,4.99,14.97
882,241,31,1,4.49,4.49
883,241,57,2,5.49,10.98
884,241,60,4,2.99,11.96
885,241,5,4,3.49,13.96
886,241,49,3,6.99,20.97
887,241,50,1,8.49,8.49
888,242,40,5,11.99,59.95
889,242,51,5,5.99,29.95
890,242,2,1,4.49,4.49
891,243,91,4,8.99,35.96
892,243,76,5,2.79,13.95
893,243,18,2,6.49,12.98
894,244,22,4,5.49,21.96
895,244,57,2,5.49,10.98
896,244,76,5,2.79,13.95
897,244,96,2,6.99,13.98
898,245,11,2,5.49,10.98
899,245,71,4,2.99,11.96
900,245,76,5,2.79,13.95
901,245,72,2,2.49,4.98
902,245,63,5,4.49,22.45
903,246,33,3,1.99,5.97
904,246,40,3,11.99,35.97
905,246,1,3,2.99,8.97
906,247,93,1,12.99,12.99
907,248,95,4,5.49,21.96
908,248,81,5,9.99,49.95
909,248,75,2,1.49,2.98
910,248,30,5,4.49,22.45
911,249,10,2,6.99,13.98
912,249,27,2,5.49,10.98
913,249,86,4,5.49,21.96
914,249,71,1,2.99,2.99
915,250,30,1,4.49,4.49
916,250,5,4,3.49,13.96
917,251,2,5,4.49,22.45
918,251,24,4,16.99,67.96
919,251,80,1,13.99,13.99
920,252,1,1,2.99,2.99
921,252,95,4,5.49,21.96
922,253,60,2,2.99,5.98
923,254,43,2,2.99,5.98
924,255,71,5,2.99,14.95
925,255,67,4,8.49,33.96
926,255,66,4,7.99,31.96
927,255,51,3,5.99,17.97
928,255,35,2,3.49,6.98
929,256,95,5,5.49,27.45
930,256,2,2,4.49,8.98
931,256,19,3,2.99,8.97
932,256,55,1,1.99,1.99
933,257,95,3,5.49,16.47
934,257,17,5,5.99,29.95
935,257,27,5,5.49,27.45
936,258,85,1,4.99,4.99
937,258,87,1,11.99,11.99
938,258,66,1,7.99,7.99
939,258,65,3,3.49,10.47
940,258,4,4,8.99,35.96
941,259,21,4,2.99,11.96
942,259,78,4,12.99,51.96
943,259,87,3,11.99,35.97
944,259,53,4,3.99,15.96
945,260,22,2,5.49,10.98
946,260,98,2,8.49,16.98
947,260,68,5,9.99,49.95
948,260,91,5,8.99,44.95
949,260,56,1,7.99,7.99
950,260,4,2,8.99,17.98
951,261,73,5,1.99,9.95
952,262,45,3,8.99,26.97
953,262,56,4,7.99,31.96
954,262,48,4,5.49,21.96
955,262,66,3,7.99,23.97
956,262,36,4,15.99,63.96
957,263,42,5,6.99,34.95
958,263,55,5,1.99,9.95
959,264,73,1,1.99,1.99
960,264,4,2,8.99,17.98
961,264,12,3,14.99,44.97
962,265,61,3,2.99,8.97
963,265,43,1,2.99,2.99
964,265,56,5,7.99,39.95
965,265,55,5,1.99,9.95
966,266,41,5,4.49,22.45
967,266,18,5,6.49,32.45
968,266,43,4,2.99,11.96
969,266,2,3,4.49,13.47
970,266,57,3,5.49,16.47
971,267,74,3,2.29,6.87
972,267,5,2,3.49,6.98
973,267,76,2,2.79,5.58
974,267,50,1,8.49,8.49
975,268,87,2,11.99,23.98
976,268,46,4,11.99,47.96
977,268,73,5,1.99,9.95
978,268,43,3,2.99,8.97
979,268,50,5,8.49,42.45
980,268,49,5,6.99,34.95
981,269,64,1,3.99,3.99
982,269,70,3,18.99,56.97
983,269,12,3,14.99,44.97
984,270,24,1,16.99,16.99
985,270,42,3,6.99,20.97
986,271,60,4,2.99,11.96
987,271,54,4,4.29,17.16
988,271,75,2,1.49,2.98
989,272,47,3,7.99,23.97
990,272,17,3,5.99,17.97
991,273,10,1,6.99,6.99
992,273,27,2,5.49,10.98
993,273,77,3,3.49,10.47
994,273,14,2,4.99,9.98
995,273,21,1,2.99,2.99
996,274,1,5,2.99,14.95
997,274,38,5,8.99,44.95
998,275,70,1,18.99,18.99
999,275,83,5,5.49,27.45
1000,276,60,5,2.99,14.95
1001,277,32,2,13.99,27.98
1002,277,77,1,3.49,3.49
1003,277,99,4,9.99,39.96
1004,277,7,1,5.49,5.49
1005,277,63,3,4.49,13.47
1006,278,74,3,2.29,6.87
1007,278,22,5,5.49,27.45
1008,279,89,4,2.99,11.96
1009,279,8,5,6.99,34.95
1010,279,40,2,11.99,23.98
1011,279,54,4,4.29,17.16
1012,280,47,1,7.99,7.99
1013,280,13,1,3.99,3.99
1014,280,100,4,5.99,23.96
1015,281,16,4,7.99,31.96
1016,281,41,3,4.49,13.47
1017,281,56,1,7.99,7.99
1018,281,35,2,3.49,6.98
1019,282,45,1,8.99,8.99
1020,282,73,3,1.99,5.97
1021,282,11,1,5.49,5.49
1022,283,33,2,1.99,3.98
1023,283,15,1,5.99,5.99
1024,283,35,3,3.49,10.47
1025,283,46,2,11.99,23.98
1026,283,70,5,18.99,94.95
1027,283,5,3,3.49,10.47
1028,284,41,4,4.49,17.96
1029,284,15,5,5.99,29.95
1030,284,9,1,4.99,4.99
1031,285,12,3,14.99,44.97
1032,285,21,1,2.99,2.99
1033,285,39,4,4.99,19.96
1034,285,88,1,7.99,7.99
1035,285,54,5,4.29,21.45
1036,285,62,3,6.99,20.97
1037,286,28,5,9.99,49.95
1038,286,83,1,5.49,5.49
1039,287,1,1,2.99,2.99
1040,287,79,2,11.99,23.98
1041,287,44,2,12.99,25.98
1042,287,69,5,15.99,79.95
1043,287,14,4,4.99,19.96
1044,287,59,2,3.99,7.98
1045,288,54,2,4.29,8.58
1046,288,14,3,4.99,14.97
1047,288,5,4,3.49,13.96
1048,288,12,2,14.99,29.98
1049,288,4,4,8.99,35.96
1050,288,74,2,2.29,4.58
1051,289,63,4,4.49,17.96
1052,289,91,3,8.99,26.97
1053,289,33,2,1.99,3.98
1054,289,26,2,4.99,9.98
1055,289,38,1,8.99,8.99
1056,289,45,5,8.99,44.95
1057,290,31,2,4.49,8.98
1058,290,23,1,7.99,7.99
1059,290,48,4,5.49,21.96
1060,290,79,1,11.99,11.99
1061,290,90,4,2.99,11.96
1062,290,11,5,5.49,27.45
1063,291,44,2,12.99,25.98
1064,291,95,2,5.49,10.98
1065,291,4,1,8.99,8.99
1066,291,23,4,7.99,31.96
1067,291,59,3,3.99,11.97
1068,292,58,4,4.99,19.96
1069,292,72,5,2.49,12.45
1070,292,52,2,4.49,8.98
1071,292,50,3,8.49,25.47
1072,292,37,4,3.99,15.96
1073,293,74,2,2.29,4.58
1074,293,70,3,18.99,56.97
1075,293,94,2,8.99,17.98
1076,293,97,3,6.99,20.97
1077,293,76,4,2.79,11.16
1078,294,41,4,4.49,17.96
1079,294,55,5,1.99,9.95
1080,294,12,3,14.99,44.97
1081,294,56,5,7.99,39.95
1082,295,92,3,9.99,29.97
1083,295,58,1,4.99,4.99
1084,295,54,2,4.29,8.58
1085,295,80,1,13.99,13.99
1086,296,94,4,8.99,35.96
1087,296,100,4,5.99,23.96
1088,296,93,3,12.99,38.97
1089,297,24,4,16.99,67.96
1090,297,45,1,8.99,8.99
1091,298,55,4,1.99,7.96
1092,298,60,3,2.99,8.97
1093,299,27,1,5.49,5.49
1094,299,37,3,3.99,11.97
1095,299,24,4,16.99,67.96
1096,299,63,2,4.49,8.98
1097,299,82,4,4.49,17.96
1098,299,22,4,5.49,21.96
1099,300,39,4,4.99,19.96
1100,300,31,2,4.49,8.98
1101,300,28,1,9.99,9.99
1102,300,76,3,2.79,8.37
1103,300,92,3,9.99,29.97
1104,301,53,2,3.99,7.98
1105,301,41,4,4.49,17.96
1106,301,85,1,4.99,4.99
1107,301,97,5,6.99,34.95
1108,301,45,3,8.99,26.97
1109,302,5,3,3.49,10.47
1110,302,58,4,4.99,19.96
1111,302,79,4,11.99,47.96
1112,303,96,4,6.99,27.96
1113,303,62,4,6.99,27.96
1114,303,14,3,4.99,14.97
1115,303,58,1,4.99,4.99
1116,304,76,4,2.79,11.16
1117,304,19,2,2.99,5.98
1118,304,50,3,8.49,25.47
1119,305,53,1,3.99,3.99
1120,305,96,3,6.99,20.97
1121,305,7,4,5.49,21.96
1122,305,5,4,3.49,13.96
1123,305,77,2,3.49,6.98
1124,305,83,5,5.49,27.45
1125,306,7,5,5.49,27.45
1126,306,39,2,4.99,9.98
1127,307,58,1,4.99,4.99
1128,307,21,5,2.99,14.95
1129,307,82,5,4.49,22.45
1130,307,100,3,5.99,17.97
1131,307,1,2,2.99,5.98
1132,307,93,5,12.99,64.95
1133,308,59,1,3.99,3.99
1134,308,60,1,2.99,2.99
1135,308,100,4,5.99,23.96
1136,308,77,1,3.49,3.49
1137,308,16,3,7.99,23.97
1138,309,56,5,7.99,39.95
1139,309,21,1,2.99,2.99
1140,309,29,1,2.49,2.49
1141,310,50,2,8.49,16.98
1142,310,98,3,8.49,25.47
1143,310,43,5,2.99,14.95
1144,310,79,2,11.99,23.98
1145,310,34,2,3.99,7.98
1146,311,93,4,12.99,51.96
1147,311,69,2,15.99,31.98
1148,311,33,3,1.99,5.97
1149,311,46,2,11.99,23.98
1150,311,41,3,4.49,13.47
1151,312,76,4,2.79,11.16
1152,312,91,2,8.99,17.98
1153,312,13,5,3.99,19.95
1154,313,42,2,6.99,13.98
1155,313,55,1,1.99,1.99
1156,313,45,1,8.99,8.99
1157,313,75,1,1.49,1.49
1158,313,60,5,2.99,14.95
1159,313,69,1,15.99,15.99
1160,314,66,4,7.99,31.96
1161,314,69,4,15.99,63.96
1162,314,42,1,6.99,6.99
1163,314,23,2,7.99,15.98
1164,314,12,3,14.99,44.97
1165,315,28,1,9.99,9.99
1166,315,8,2,6.99,13.98
1167,315,25,2,6.99,13.98
1168,316,80,3,13.99,41.97
1169,317,25,1,6.99,6.99
1170,317,99,4,9.99,39.96
1171,317,24,4,16.99,67.96
1172,317,20,2,12.99,25.98
1173,317,4,3,8.99,26.97
1174,317,33,1,1.99,1.99
1175,318,98,1,8.49,8.49
1176,319,37,4,3.99,15.96
1177,319,17,1,5.99,5.99
1178,319,74,1,2.29,2.29
1179,319,53,5,3.99,19.95
1180,319,83,5,5.49,27.45
1181,320,28,1,9.99,9.99
1182,320,56,5,7.99,39.95
1183,321,97,2,6.99,13.98
1184,321,22,5,5.49,27.45
1185,321,45,3,8.99,26.97
1186,321,25,3,6.99,20.97
1187,322,21,5,2.99,14.95
1188,322,100,1,5.99,5.99
1189,322,82,3,4.49,13.47
1190,322,50,3,8.49,25.47
1191,323,6,2,5.99,11.98
1192,323,29,1,2.49,2.49
1193,323,25,3,6.99,20.97
1194,323,20,5,12.99,64.95
1195,324,11,4,5.49,21.96
1196,324,40,3,11.99,35.97
1197,324,64,4,3.99,15.96
1198,324,61,1,2.99,2.99
1199,325,55,4,1.99,7.96
1200,325,89,5,2.99,14.95
1201,326,76,4,2.79,11.16
1202,326,61,3,2.99,8.97
1203,326,48,5,5.49,27.45
1204,327,94,2,8.99,17.98
1205,327,76,4,2.79,11.16
1206,327,19,1,2.99,2.99
1207,327,72,4,2.49,9.96
1208,327,4,4,8.99,35.96
1209,328,24,5,16.99,84.95
1210,328,21,1,2.99,2.99
1211,328,27,4,5.49,21.96
1212,329,26,5,4.99,24.95
1213,329,44,1,12.99,12.99
1214,330,46,2,11.99,23.98
1215,330,37,4,3.99,15.96
1216,330,38,3,8.99,26.97
1217,330,71,4,2.99,11.96
1218,331,79,1,11.99,11.99
1219,331,90,3,2.99,8.97
1220,331,98,3,8.49,25.47
1221,331,64,2,3.99,7.98
1222,331,27,1,5.49,5.49
1223,332,33,5,1.99,9.95
1224,333,87,2,11.99,23.98
1225,333,37,4,3.99,15.96
1226,334,99,2,9.99,19.98
1227,334,2,1,4.49,4.49
1228,334,94,2,8.99,17.98
1229,334,40,4,11.99,47.96
1230,334,66,5,7.99,39.95
1231,335,84,5,4.99,24.95
1232,335,60,5,2.99,14.95
1233,335,100,2,5.99,11.98
1234,335,27,1,5.49,5.49
1235,336,88,3,7.99,23.97
1236,336,33,4,1.99,7.96
1237,336,93,3,12.99,38.97
1238,336,89,3,2.99,8.97
1239,337,17,1,5.99,5.99
1240,337,33,3,1.99,5.97
1241,338,54,5,4.29,21.45
1242,338,95,5,5.49,27.45
1243,338,34,4,3.99,15.96
1244,338,81,1,9.99,9.99
1245,338,67,3,8.49,25.47
1246,338,12,2,14.99,29.98
1247,339,18,4,6.49,25.96
1248,339,88,5,7.99,39.95
1249,339,23,4,7.99,31.96
1250,339,70,3,18.99,56.97
1251,339,62,2,6.99,13.98
1252,340,2,4,4.49,17.96
1253,340,73,4,1.99,7.96
1254,340,23,5,7.99,39.95
1255,341,27,1,5.49,5.49
1256,341,35,1,3.49,3.49
1257,341,24,4,16.99,67.96
1258,341,68,1,9.99,9.99
1259,341,96,4,6.99,27.96
1260,342,90,1,2.99,2.99
1261,342,6,2,5.99,11.98
1262,343,32,1,13.99,13.99
1263,343,9,2,4.99,9.98
1264,343,40,2,11.99,23.98
1265,343,87,4,11.99,47.96
1266,343,33,1,1.99,1.99
1267,344,8,4,6.99,27.96
1268,345,68,2,9.99,19.98
1269,345,32,5,13.99,69.95
1270,345,81,4,9.99,39.96
1271,345,4,2,8.99,17.98
1272,346,64,5,3.99,19.95
1273,346,21,4,2.99,11.96
1274,346,6,4,5.99,23.96
1275,346,2,1,4.49,4.49
1276,346,93,3,12.99,38.97
1277,346,84,1,4.99,4.99
1278,347,93,3,12.99,38.97
1279,347,92,3,9.99,29.97
1280,347,53,5,3.99,19.95
1281,347,76,3,2.79,8.37
1282,348,67,3,8.49,25.47
1283,348,86,5,5.49,27.45
1284,348,82,2,4.49,8.98
1285,348,20,2,12.99,25.98
1286,348,57,3,5.49,16.47
1287,349,39,2,4.99,9.98
1288,349,18,5,6.49,32.45
1289,349,12,3,14.99,44.97
1290,349,2,5,4.49,22.45
1291,349,58,5,4.99,24.95
1292,350,19,4,2.99,11.96
1293,350,68,4,9.99,39.96
1294,350,45,2,8.99,17.98
1295,351,82,2,4.49,8.98
1296,351,54,2,4.29,8.58
1297,351,56,5,7.99,39.95
1298,352,7,4,5.49,21.96
1299,352,2,1,4.49,4.49
1300,352,18,3,6.49,19.47
1301,352,48,4,5.49,21.96
1302,352,54,2,4.29,8.58
1303,352,44,2,12.99,25.98
1304,353,87,1,11.99,11.99
1305,353,3,1,3.99,3.99
1306,353,53,3,3.99,11.97
1307,353,15,2,5.99,11.98
1308,354,96,1,6.99,6.99
1309,354,67,5,8.49,42.45
1310,355,84,3,4.99,14.97
1311,355,52,1,4.49,4.49
1312,355,20,1,12.99,12.99
1313,355,6,5,5.99,29.95
1314,356,10,5,6.99,34.95
1315,356,70,2,18.99,37.98
1316,356,27,1,5.49,5.49
1317,356,1,3,2.99,8.97
1318,357,84,5,4.99,24.95
1319,357,5,2,3.49,6.98
1320,357,94,3,8.99,26.97
1321,357,21,1,2.99,2.99
1322,357,81,2,9.99,19.98
1323,357,42,3,6.99,20.97
1324,358,32,4,13.99,55.96
1325,358,75,5,1.49,7.45
1326,358,98,3,8.49,25.47
1327,359,36,5,15.99,79.95
1328,359,27,4,5.49,21.96
1329,359,41,3,4.49,13.47
1330,360,5,5,3.49,17.45
1331,360,46,2,11.99,23.98
1332,360,37,1,3.99,3.99
1333,360,100,5,5.99,29.95
1334,360,86,2,5.49,10.98
1335,361,40,2,11.99,23.98
1336,362,50,2,8.49,16.98
1337,362,85,3,4.99,14.97
1338,362,23,5,7.99,39.95
1339,363,2,2,4.49,8.98
1340,364,62,5,6.99,34.95
1341,364,92,4,9.99,39.96
1342,364,5,3,3.49,10.47
1343,364,82,5,4.49,22.45
1344,364,74,5,2.29,11.45
1345,365,20,3,12.99,38.97
1346,365,2,5,4.49,22.45
1347,365,46,4,11.99,47.96
1348,365,82,2,4.49,8.98
1349,365,33,2,1.99,3.98
1350,366,28,2,9.99,19.98
1351,367,42,1,6.99,6.99
1352,367,55,5,1.99,9.95
1353,368,5,2,3.49,6.98
1354,368,42,2,6.99,13.98
1355,369,32,1,13.99,13.99
1356,369,83,3,5.49,16.47
1357,369,43,1,2.99,2.99
1358,369,52,1,4.49,4.49
1359,370,82,5,4.49,22.45
1360,370,59,4,3.99,15.96
1361,371,65,4,3.49,13.96
1362,371,98,3,8.49,25.47
1363,371,62,3,6.99,20.97
1364,371,90,5,2.99,14.95
1365,372,76,2,2.79,5.58
1366,373,35,4,3.49,13.96
1367,373,29,4,2.49,9.96
1368,373,7,4,5.49,21.96
1369,373,71,4,2.99,11.96
1370,373,10,3,6.99,20.97
1371,374,69,5,15.99,79.95
1372,374,42,3,6.99,20.97
1373,374,23,5,7.99,39.95
1374,375,52,5,4.49,22.45
1375,376,38,2,8.99,17.98
1376,376,96,3,6.99,20.97
1377,377,27,2,5.49,10.98
1378,377,13,4,3.99,15.96
1379,377,85,5,4.99,24.95
1380,377,5,4,3.49,13.96
1381,377,19,4,2.99,11.96
1382,377,73,3,1.99,5.97
1383,378,71,1,2.99,2.99
1384,378,89,5,2.99,14.95
1385,378,11,4,5.49,21.96
1386,378,51,3,5.99,17.97
1387,378,73,2,1.99,3.98
1388,378,49,1,6.99,6.99
1389,379,91,4,8.99,35.96
1390,379,54,3,4.29,12.87
1391,379,17,4,5.99,23.96
1392,380,60,5,2.99,14.95
1393,380,55,5,1.99,9.95
1394,381,29,4,2.49,9.96
1395,381,15,3,5.99,17.97
1396,382,84,1,4.99,4.99
1397,382,53,2,3.99,7.98
1398,383,74,3,2.29,6.87
1399,383,16,5,7.99,39.95
1400,383,3,2,3.99,7.98
1401,383,24,1,16.99,16.99
1402,384,71,3,2.99,8.97
1403,384,53,3,3.99,11.97
1404,384,7,1,5.49,5.49
1405,384,15,3,5.99,17.97
1406,384,6,3,5.99,17.97
1407,385,2,1,4.49,4.49
1408,385,44,5,12.99,64.95
1409,385,54,3,4.29,12.87
1410,385,38,1,8.99,8.99
1411,385,80,3,13.99,41.97
1412,386,29,4,2.49,9.96
1413,386,23,4,7.99,31.96
1414,386,9,1,4.99,4.99
1415,386,91,3,8.99,26.97
1416,386,88,3,7.99,23.97
1417,386,31,1,4.49,4.49
1418,387,30,1,4.49,4.49
1419,387,32,4,13.99,55.96
1420,387,28,5,9.99,49.95
1421,387,63,4,4.49,17.96
1422,387,85,4,4.99,19.96
1423,388,87,4,11.99,47.96
1424,388,57,5,5.49,27.45
1425,389,20,1,12.99,12.99
1426,390,60,1,2.99,2.99
1427,390,34,5,3.99,19.95
1428,390,62,2,6.99,13.98
1429,391,3,2,3.99,7.98
1430,391,88,2,7.99,15.98
1431,391,74,1,2.29,2.29
1432,391,44,4,12.99,51.96
1433,391,36,1,15.99,15.99
1434,391,82,1,4.49,4.49
1435,392,70,1,18.99,18.99
1436,392,29,3,2.49,7.47
1437,392,79,1,11.99,11.99
1438,392,85,5,4.99,24.95
1439,393,82,2,4.49,8.98
1440,393,72,5,2.49,12.45
1441,393,69,1,15.99,15.99
1442,394,46,3,11.99,35.97
1443,394,85,2,4.99,9.98
1444,394,98,5,8.49,42.45
1445,395,58,3,4.99,14.97
1446,395,25,5,6.99,34.95
1447,395,100,1,5.99,5.99
1448,395,7,4,5.49,21.96
1449,395,6,4,5.99,23.96
1450,395,90,1,2.99,2.99
1451,396,93,2,12.99,25.98
1452,397,61,2,2.99,5.98
1453,397,60,3,2.99,8.97
1454,397,11,1,5.49,5.49
1455,397,94,2,8.99,17.98
1456,397,78,4,12.99,51.96
1457,398,62,3,6.99,20.97
1458,399,71,2,2.99,5.98
1459,399,39,5,4.99,24.95
1460,399,35,4,3.49,13.96
1461,399,89,2,2.99,5.98
1462,399,82,1,4.49,4.49
1463,400,66,3,7.99,23.97
1464,400,62,5,6.99,34.95
1465,400,31,3,4.49,13.47
1466,401,29,3,2.49,7.47
1467,402,67,5,8.49,42.45
1468,402,88,1,7.99,7.99
1469,402,55,5,1.99,9.95
1470,402,26,4,4.99,19.96
1471,403,39,1,4.99,4.99
1472,404,37,2,3.99,7.98
1473,405,59,1,3.99,3.99
1474,405,35,2,3.49,6.98
1475,405,41,3,4.49,13.47
1476,405,82,5,4.49,22.45
1477,405,39,1,4.99,4.99
1478,405,1,2,2.99,5.98
1479,406,69,2,15.99,31.98
1480,407,46,3,11.99,35.97
1481,407,41,4,4.49,17.96
1482,407,10,1,6.99,6.99
1483,407,48,2,5.49,10.98
1484,407,61,3,2.99,8.97
1485,407,63,2,4.49,8.98
1486,408,11,2,5.49,10.98
1487,408,35,3,3.49,10.47
1488,408,95,1,5.49,5.49
1489,408,41,4,4.49,17.96
1490,408,29,3,2.49,7.47
1491,408,62,2,6.99,13.98
1492,409,83,2,5.49,10.98
1493,409,61,5,2.99,14.95
1494,409,35,3,3.49,10.47
1495,410,66,2,7.99,15.98
1496,410,36,2,15.99,31.98
1497,410,44,3,12.99,38.97
1498,410,50,2,8.49,16.98
1499,411,29,3,2.49,7.47
1500,411,33,3,1.99,5.97
1501,412,84,4,4.99,19.96
1502,412,17,3,5.99,17.97
1503,412,79,1,11.99,11.99
1504,412,50,4,8.49,33.96
1505,412,41,3,4.49,13.47
1506,412,55,5,1.99,9.95
1507,413,15,3,5.99,17.97
1508,413,23,5,7.99,39.95
1509,413,68,4,9.99,39.96
1510,414,47,2,7.99,15.98
1511,414,49,1,6.99,6.99
1512,414,84,5,4.99,24.95
1513,414,22,4,5.49,21.96
1514,414,67,2,8.49,16.98
1515,414,7,5,5.49,27.45
1516,415,100,2,5.99,11.98
1517,415,43,4,2.99,11.96
1518,415,88,3,7.99,23.97
1519,415,33,3,1.99,5.97
1520,415,59,2,3.99,7.98
1521,416,96,5,6.99,34.95
1522,416,93,5,12.99,64.95
1523,416,49,3,6.99,20.97
1524,417,86,5,5.49,27.45
1525,418,72,3,2.49,7.47
1526,418,83,2,5.49,10.98
1527,419,13,3,3.99,11.97
1528,419,8,1,6.99,6.99
1529,419,24,1,16.99,16.99
1530,419,80,5,13.99,69.95
1531,420,24,2,16.99,33.98
1532,420,18,4,6.49,25.96
1533,420,90,2,2.99,5.98
1534,420,49,4,6.99,27.96
1535,420,39,5,4.99,24.95
1536,420,53,3,3.99,11.97
1537,421,42,5,6.99,34.95
1538,421,99,4,9.99,39.96
1539,421,49,5,6.99,34.95
1540,422,69,3,15.99,47.97
1541,423,49,1,6.99,6.99
1542,423,53,3,3.99,11.97
1543,423,47,1,7.99,7.99
1544,423,12,2,14.99,29.98
1545,423,50,4,8.49,33.96
1546,423,86,4,5.49,21.96
1547,424,85,3,4.99,14.97
1548,424,81,1,9.99,9.99
1549,424,38,2,8.99,17.98
1550,425,7,3,5.49,16.47
1551,425,44,2,12.99,25.98
1552,425,16,4,7.99,31.96
1553,426,62,2,6.99,13.98
1554,426,73,1,1.99,1.99
1555,426,77,4,3.49,13.96
1556,426,61,5,2.99,14.95
1557,426,28,4,9.99,39.96
1558,427,28,5,9.99,49.95
1559,427,53,4,3.99,15.96
1560,427,60,4,2.99,11.96
1561,427,95,4,5.49,21.96
1562,427,39,2,4.99,9.98
1563,428,81,3,9.99,29.97
1564,428,92,5,9.99,49.95
1565,428,25,3,6.99,20.97
1566,429,66,4,7.99,31.96
1567,429,19,3,2.99,8.97
1568,429,54,1,4.29,4.29
1569,429,13,2,3.99,7.98
1570,430,20,1,12.99,12.99
1571,430,53,4,3.99,15.96
1572,430,18,4,6.49,25.96
1573,430,33,3,1.99,5.97
1574,430,65,5,3.49,17.45
1575,431,68,5,9.99,49.95
1576,431,51,1,5.99,5.99
1577,431,24,2,16.99,33.98
1578,431,91,5,8.99,44.95
1579,432,24,3,16.99,50.97
1580,432,16,5,7.99,39.95
1581,433,28,5,9.99,49.95
1582,433,35,2,3.49,6.98
1583,433,54,5,4.29,21.45
1584,433,95,2,5.49,10.98
1585,433,17,2,5.99,11.98
1586,433,94,3,8.99,26.97
1587,434,54,1,4.29,4.29
1588,435,63,2,4.49,8.98
1589,435,26,3,4.99,14.97
1590,435,65,4,3.49,13.96
1591,436,83,2,5.49,10.98
1592,436,69,4,15.99,63.96
1593,436,73,1,1.99,1.99
1594,436,10,2,6.99,13.98
1595,437,21,2,2.99,5.98
1596,437,97,3,6.99,20.97
1597,438,22,1,5.49,5.49
1598,438,74,2,2.29,4.58
1599,438,96,2,6.99,13.98
1600,439,42,4,6.99,27.96
1601,439,26,1,4.99,4.99
1602,440,83,2,5.49,10.98
1603,440,27,2,5.49,10.98
1604,440,67,5,8.49,42.45
1605,440,91,3,8.99,26.97
1606,440,17,1,5.99,5.99
1607,440,41,4,4.49,17.96
1608,441,23,3,7.99,23.97
1609,441,65,1,3.49,3.49
1610,442,37,5,3.99,19.95
1611,442,11,4,5.49,21.96
1612,442,81,2,9.99,19.98
1613,442,93,4,12.99,51.96
1614,443,42,4,6.99,27.96
1615,443,18,4,6.49,25.96
1616,443,86,2,5.49,10.98
1617,443,43,1,2.99,2.99
1618,443,8,4,6.99,27.96
1619,443,7,2,5.49,10.98
1620,444,68,2,9.99,19.98
1621,444,84,4,4.99,19.96
1622,444,51,3,5.99,17.97
1623,445,35,4,3.49,13.96
1624,445,7,5,5.49,27.45
1625,445,23,4,7.99,31.96
1626,446,79,1,11.99,11.99
1627,446,1,3,2.99,8.97
1628,446,62,4,6.99,27.96
1629,446,4,5,8.99,44.95
1630,446,74,1,2.29,2.29
1631,447,85,5,4.99,24.95
1632,447,70,2,18.99,37.98
1633,448,21,3,2.99,8.97
1634,448,24,3,16.99,50.97
1635,449,15,5,5.99,29.95
1636,449,69,1,15.99,15.99
1637,449,92,5,9.99,49.95
1638,450,72,4,2.49,9.96
1639,450,74,1,2.29,2.29
1640,450,80,2,13.99,27.98
1641,450,81,2,9.99,19.98
1642,450,73,4,1.99,7.96
1643,451,39,1,4.99,4.99
1644,451,7,2,5.49,10.98
1645,452,59,4,3.99,15.96
1646,452,12,1,14.99,14.99
1647,452,18,3,6.49,19.47
1648,453,67,2,8.49,16.98
1649,453,70,4,18.99,75.96
1650,453,5,2,3.49,6.98
1651,453,73,3,1.99,5.97
1652,454,7,4,5.49,21.96
1653,454,31,4,4.49,17.96
1654,454,22,1,5.49,5.49
1655,455,10,4,6.99,27.96
1656,455,26,2,4.99,9.98
1657,455,59,2,3.99,7.98
1658,456,90,5,2.99,14.95
1659,456,54,1,4.29,4.29
1660,456,38,4,8.99,35.96
1661,456,47,1,7.99,7.99
1662,457,54,1,4.29,4.29
1663,457,86,4,5.49,21.96
1664,457,20,1,12.99,12.99
1665,458,61,3,2.99,8.97
1666,458,55,2,1.99,3.98
1667,459,28,5,9.99,49.95
1668,459,91,4,8.99,35.96
1669,459,92,4,9.99,39.96
1670,459,20,1,12.99,12.99
1671,459,50,4,8.49,33.96
1672,460,15,4,5.99,23.96
1673,460,23,4,7.99,31.96
1674,460,47,1,7.99,7.99
1675,460,70,3,18.99,56.97
1676,460,27,4,5.49,21.96
1677,460,41,3,4.49,13.47
1678,461,39,1,4.99,4.99
1679,461,65,5,3.49,17.45
1680,461,63,4,4.49,17.96
1681,461,98,5,8.49,42.45
1682,461,91,3,8.99,26.97
1683,461,12,4,14.99,59.96
1684,462,11,3,5.49,16.47
1685,462,98,5,8.49,42.45
1686,462,97,3,6.99,20.97
1687,462,79,1,11.99,11.99
1688,462,18,2,6.49,12.98
1689,462,71,4,2.99,11.96
1690,463,79,4,11.99,47.96
1691,463,26,1,4.99,4.99
1692,463,42,2,6.99,13.98
1693,463,75,1,1.49,1.49
1694,463,31,3,4.49,13.47
1695,464,29,5,2.49,12.45
1696,464,53,3,3.99,11.97
1697,464,79,2,11.99,23.98
1698,464,45,5,8.99,44.95
1699,464,69,5,15.99,79.95
1700,464,49,4,6.99,27.96
1701,465,58,1,4.99,4.99
1702,465,60,4,2.99,11.96
1703,465,95,3,5.49,16.47
1704,465,44,1,12.99,12.99
1705,466,89,4,2.99,11.96
1706,467,51,3,5.99,17.97
1707,467,73,1,1.99,1.99
1708,467,38,5,8.99,44.95
1709,467,24,3,16.99,50.97
1710,468,93,4,12.99,51.96
1711,468,50,3,8.49,25.47
1712,468,17,3,5.99,17.97
1713,469,32,5,13.99,69.95
1714,470,79,2,11.99,23.98
1715,470,96,3,6.99,20.97
1716,470,92,3,9.99,29.97
1717,471,8,1,6.99,6.99
1718,471,70,4,18.99,75.96
1719,471,74,3,2.29,6.87
1720,471,53,3,3.99,11.97
1721,472,53,1,3.99,3.99
1722,472,54,5,4.29,21.45
1723,472,51,1,5.99,5.99
1724,472,62,3,6.99,20.97
1725,472,87,1,11.99,11.99
1726,472,24,5,16.99,84.95
1727,473,78,4,12.99,51.96
1728,473,96,2,6.99,13.98
1729,473,8,2,6.99,13.98
1730,473,39,1,4.99,4.99
1731,473,88,5,7.99,39.95
1732,473,35,1,3.49,3.49
1733,474,79,2,11.99,23.98
1734,474,99,4,9.99,39.96
1735,475,76,3,2.79,8.37
1736,475,73,3,1.99,5.97
1737,475,71,4,2.99,11.96
1738,475,66,5,7.99,39.95
1739,476,83,5,5.49,27.45
1740,476,47,5,7.99,39.95
1741,477,9,1,4.99,4.99
1742,477,12,1,14.99,14.99
1743,477,24,3,16.99,50.97
1744,477,58,3,4.99,14.97
1745,478,77,2,3.49,6.98
1746,479,99,1,9.99,9.99
1747,479,58,4,4.99,19.96
1748,479,72,5,2.49,12.45
1749,479,56,1,7.99,7.99
1750,479,30,3,4.49,13.47
1751,480,4,3,8.99,26.97
1752,480,15,4,5.99,23.96
1753,480,87,4,11.99,47.96
1754,480,91,1,8.99,8.99
1755,480,89,2,2.99,5.98
1756,480,96,3,6.99,20.97
1757,481,67,1,8.49,8.49
1758,481,72,4,2.49,9.96
1759,481,94,1,8.99,8.99
1760,481,8,2,6.99,13.98
1761,481,23,5,7.99,39.95
1762,481,99,3,9.99,29.97
1763,482,14,5,4.99,24.95
1764,482,89,5,2.99,14.95
1765,482,6,5,5.99,29.95
1766,483,57,1,5.49,5.49
1767,483,84,3,4.99,14.97
1768,484,70,4,18.99,75.96
1769,484,60,2,2.99,5.98
1770,484,55,4,1.99,7.96
1771,484,84,3,4.99,14.97
1772,484,87,2,11.99,23.98
1773,485,70,5,18.99,94.95
1774,485,46,1,11.99,11.99
1775,485,67,5,8.49,42.45
1776,486,100,2,5.99,11.98
1777,486,99,3,9.99,29.97
1778,486,66,3,7.99,23.97
1779,486,63,1,4.49,4.49
1780,487,36,2,15.99,31.98
1781,487,51,1,5.99,5.99
1782,487,82,4,4.49,17.96
1783,487,38,2,8.99,17.98
1784,488,31,3,4.49,13.47
1785,488,87,4,11.99,47.96
1786,488,26,5,4.99,24.95
1787,489,2,3,4.49,13.47
1788,489,44,1,12.99,12.99
1789,489,33,2,1.99,3.98
1790,489,67,2,8.49,16.98
1791,489,72,1,2.49,2.49
1792,489,31,3,4.49,13.47
1793,490,77,1,3.49,3.49
1794,490,24,5,16.99,84.95
1795,491,84,5,4.99,24.95
1796,491,93,4,12.99,51.96
1797,491,51,5,5.99,29.95
1798,492,22,5,5.49,27.45
1799,492,68,3,9.99,29.97
1800,492,34,5,3.99,19.95
1801,492,46,4,11.99,47.96
1802,493,4,5,8.99,44.95
1803,493,84,1,4.99,4.99
1804,493,52,3,4.49,13.47
1805,493,30,3,4.49,13.47
1806,494,30,3,4.49,13.47
1807,494,40,4,11.99,47.96
1808,494,56,2,7.99,15.98
1809,495,79,4,11.99,47.96
1810,495,73,2,1.99,3.98
1811,495,87,5,11.99,59.95
1812,495,14,2,4.99,9.98
1813,496,27,4,5.49,21.96
1814,496,42,3,6.99,20.97
1815,496,70,4,18.99,75.96
1816,496,77,1,3.49,3.49
1817,496,15,5,5.99,29.95
1818,496,61,1,2.99,2.99
1819,497,52,4,4.49,17.96
1820,497,30,5,4.49,22.45
1821,497,60,3,2.99,8.97
1822,497,63,1,4.49,4.49
1823,497,43,2,2.99,5.98
1824,497,17,5,5.99,29.95
1825,498,65,3,3.49,10.47
1826,498,54,3,4.29,12.87
1827,498,84,3,4.99,14.97
1828,499,62,4,6.99,27.96
1829,499,74,1,2.29,2.29
1830,499,73,2,1.99,3.98
1831,499,28,5,9.99,49.95
1832,500,60,2,2.99,5.98
1833,500,54,5,4.29,21.45
1834,500,15,3,5.99,17.97
1835,500,47,5,7.99,39.95
1836,500,20,4,12.99,51.96
1837,501,58,1,4.99,4.99
1838,501,43,3,2.99,8.97
1839,501,35,5,3.49,17.45
1840,501,74,4,2.29,9.16
1841,502,11,4,5.49,21.96
1842,502,72,5,2.49,12.45
1843,503,56,4,7.99,31.96
1844,503,23,5,7.99,39.95
1845,504,86,1,5.49,5.49
1846,505,18,2,6.49,12.98
1847,505,68,2,9.99,19.98
1848,505,83,1,5.49,5.49
1849,505,60,5,2.99,14.95
1850,506,55,2,1.99,3.98
1851,506,56,2,7.99,15.98
1852,506,86,4,5.49,21.96
1853,507,85,4,4.99,19.96
1854,507,30,3,4.49,13.47
1855,507,78,2,12.99,25.98
1856,507,60,4,2.99,11.96
1857,507,58,5,4.99,24.95
1858,508,15,3,5.99,17.97
1859,508,21,3,2.99,8.97
1860,508,6,1,5.99,5.99
1861,509,34,3,3.99,11.97
1862,509,83,5,5.49,27.45
1863,509,86,5,5.49,27.45
1864,509,56,5,7.99,39.95
1865,509,32,4,13.99,55.96
1866,509,39,2,4.99,9.98
1867,510,55,4,1.99,7.96
1868,510,81,4,9.99,39.96
1869,510,47,3,7.99,23.97
1870,510,6,4,5.99,23.96
1871,511,87,2,11.99,23.98
1872,511,89,4,2.99,11.96
1873,512,86,1,5.49,5.49
1874,512,4,5,8.99,44.95
1875,512,62,3,6.99,20.97
1876,513,78,2,12.99,25.98
1877,513,45,1,8.99,8.99
1878,513,41,4,4.49,17.96
1879,513,94,5,8.99,44.95
1880,514,14,4,4.99,19.96
1881,514,96,4,6.99,27.96
1882,514,31,4,4.49,17.96
1883,514,29,2,2.49,4.98
1884,514,88,1,7.99,7.99
1885,514,98,5,8.49,42.45
1886,515,31,2,4.49,8.98
1887,515,51,5,5.99,29.95
1888,516,9,5,4.99,24.95
1889,516,90,1,2.99,2.99
1890,516,94,5,8.99,44.95
1891,516,85,5,4.99,24.95
1892,516,8,4,6.99,27.96
1893,517,18,3,6.49,19.47
1894,518,99,2,9.99,19.98
1895,518,65,2,3.49,6.98
1896,518,70,5,18.99,94.95
1897,518,98,4,8.49,33.96
1898,518,11,1,5.49,5.49
1899,519,46,1,11.99,11.99
1900,519,36,5,15.99,79.95
1901,519,10,4,6.99,27.96
1902,520,12,5,14.99,74.95
1903,520,11,2,5.49,10.98
1904,520,67,2,8.49,16.98
1905,520,81,4,9.99,39.96
1906,520,89,3,2.99,8.97
1907,521,81,2,9.99,19.98
1908,521,21,2,2.99,5.98
1909,521,1,4,2.99,11.96
1910,521,37,2,3.99,7.98
1911,521,4,3,8.99,26.97
1912,521,91,2,8.99,17.98
1913,522,17,1,5.99,5.99
1914,522,24,1,16.99,16.99
1915,522,18,2,6.49,12.98
1916,523,87,4,11.99,47.96
1917,523,40,4,11.99,47.96
1918,523,61,2,2.99,5.98
1919,523,7,5,5.49,27.45
1920,523,97,4,6.99,27.96
1921,524,85,2,4.99,9.98
1922,524,60,4,2.99,11.96
1923,525,23,1,7.99,7.99
1924,525,3,5,3.99,19.95
1925,525,8,3,6.99,20.97
1926,525,74,2,2.29,4.58
1927,525,65,2,3.49,6.98
1928,526,84,1,4.99,4.99
1929,526,75,1,1.49,1.49
1930,526,3,1,3.99,3.99
1931,526,9,4,4.99,19.96
1932,527,42,4,6.99,27.96
1933,527,18,4,6.49,25.96
1934,527,48,1,5.49,5.49
1935,527,29,4,2.49,9.96
1936,527,53,3,3.99,11.97
1937,528,56,5,7.99,39.95
1938,528,73,1,1.99,1.99
1939,528,68,5,9.99,49.95
1940,528,7,5,5.49,27.45
1941,528,8,1,6.99,6.99
1942,528,79,4,11.99,47.96
1943,529,15,1,5.99,5.99
1944,529,13,3,3.99,11.97
1945,529,97,4,6.99,27.96
1946,529,81,1,9.99,9.99
1947,530,49,4,6.99,27.96
1948,530,29,5,2.49,12.45
1949,530,40,4,11.99,47.96
1950,531,38,1,8.99,8.99
1951,531,81,1,9.99,9.99
1952,531,99,2,9.99,19.98
1953,531,10,3,6.99,20.97
1954,532,98,1,8.49,8.49
1955,532,17,2,5.99,11.98
1956,532,92,3,9.99,29.97
1957,532,10,4,6.99,27.96
1958,532,21,3,2.99,8.97
1959,533,33,2,1.99,3.98
1960,533,81,4,9.99,39.96
1961,534,14,3,4.99,14.97
1962,534,29,1,2.49,2.49
1963,535,6,1,5.99,5.99
1964,535,99,4,9.99,39.96
1965,535,48,4,5.49,21.96
1966,536,46,3,11.99,35.97
1967,536,96,3,6.99,20.97
1968,537,92,4,9.99,39.96
1969,537,47,3,7.99,23.97
1970,537,85,4,4.99,19.96
1971,538,8,3,6.99,20.97
1972,538,57,5,5.49,27.45
1973,538,22,3,5.49,16.47
1974,538,88,5,7.99,39.95
1975,538,53,1,3.99,3.99
1976,538,9,2,4.99,9.98
1977,539,70,5,18.99,94.95
1978,539,76,3,2.79,8.37
1979,540,94,2,8.99,17.98
1980,541,58,5,4.99,24.95
1981,541,9,3,4.99,14.97
1982,541,80,3,13.99,41.97
1983,542,87,2,11.99,23.98
1984,542,74,5,2.29,11.45
1985,542,70,3,18.99,56.97
1986,543,45,4,8.99,35.96
1987,543,11,3,5.49,16.47
1988,543,69,2,15.99,31.98
1989,543,17,2,5.99,11.98
1990,544,45,5,8.99,44.95
1991,544,58,3,4.99,14.97
1992,545,13,3,3.99,11.97
1993,545,42,2,6.99,13.98
1994,545,41,1,4.49,4.49
1995,545,97,2,6.99,13.98
1996,546,78,3,12.99,38.97
1997,546,26,2,4.99,9.98
1998,546,21,5,2.99,14.95
1999,546,12,1,14.99,14.99
2000,546,93,3,12.99,38.97
2001,547,88,5,7.99,39.95
2002,547,93,5,12.99,64.95
2003,547,81,4,9.99,39.96
2004,548,91,5,8.99,44.95
2005,548,11,2,5.49,10.98
2006,548,66,3,7.99,23.97
2007,548,58,2,4.99,9.98
2008,549,12,5,14.99,74.95
2009,549,4,3,8.99,26.97
2010,549,58,5,4.99,24.95
2011,549,57,3,5.49,16.47
2012,549,48,4,5.49,21.96
2013,550,69,2,15.99,31.98
2014,550,51,5,5.99,29.95
2015,550,54,4,4.29,17.16
2016,550,97,2,6.99,13.98
2017,551,74,4,2.29,9.16
2018,551,28,1,9.99,9.99
2019,551,1,1,2.99,2.99
2020,551,8,3,6.99,20.97
2021,552,56,3,7.99,23.97
2022,552,74,2,2.29,4.58
2023,553,78,2,12.99,25.98
2024,553,3,3,3.99,11.97
2025,554,34,1,3.99,3.99
2026,554,94,2,8.99,17.98
2027,554,30,3,4.49,13.47
2028,554,22,4,5.49,21.96
2029,554,74,4,2.29,9.16
2030,555,60,1,2.99,2.99
2031,555,68,5,9.99,49.95
2032,555,49,2,6.99,13.98
2033,555,92,2,9.99,19.98
2034,555,17,3,5.99,17.97
2035,556,20,1,12.99,12.99
2036,556,96,4,6.99,27.96
2037,556,5,1,3.49,3.49
2038,556,66,3,7.99,23.97
2039,556,1,5,2.99,14.95
2040,556,41,1,4.49,4.49
2041,557,72,5,2.49,12.45
2042,557,9,5,4.99,24.95
2043,557,95,5,5.49,27.45
2044,558,86,1,5.49,5.49
2045,559,90,5,2.99,14.95
2046,559,64,5,3.99,19.95
2047,559,91,2,8.99,17.98
2048,559,11,2,5.49,10.98
2049,560,35,2,3.49,6.98
2050,560,5,2,3.49,6.98
2051,560,32,2,13.99,27.98
2052,561,35,4,3.49,13.96
2053,561,49,2,6.99,13.98
2054,561,38,1,8.99,8.99
2055,561,71,5,2.99,14.95
2056,561,2,3,4.49,13.47
2057,561,44,5,12.99,64.95
2058,562,52,1,4.49,4.49
2059,562,49,2,6.99,13.98
2060,562,85,1,4.99,4.99
2061,563,10,5,6.99,34.95
2062,563,28,3,9.99,29.97
2063,564,23,2,7.99,15.98
2064,565,31,2,4.49,8.98
2065,565,16,5,7.99,39.95
2066,566,94,4,8.99,35.96
2067,566,24,4,16.99,67.96
2068,566,15,1,5.99,5.99
2069,566,37,5,3.99,19.95
2070,566,84,1,4.99,4.99
2071,567,90,1,2.99,2.99
2072,567,86,2,5.49,10.98
2073,567,97,4,6.99,27.96
2074,568,87,4,11.99,47.96
2075,569,84,4,4.99,19.96
2076,570,50,1,8.49,8.49
2077,570,29,5,2.49,12.45
2078,571,49,2,6.99,13.98
2079,571,79,5,11.99,59.95
2080,571,34,4,3.99,15.96
2081,571,83,3,5.49,16.47
2082,571,10,5,6.99,34.95
2083,572,58,5,4.99,24.95
2084,573,70,1,18.99,18.99
2085,573,3,4,3.99,15.96
2086,573,56,2,7.99,15.98
2087,573,2,5,4.49,22.45
2088,574,39,5,4.99,24.95
2089,574,12,4,14.99,59.96
2090,574,52,1,4.49,4.49
2091,574,40,3,11.99,35.97
2092,574,90,4,2.99,11.96
2093,574,3,5,3.99,19.95
2094,575,51,4,5.99,23.96
2095,575,58,2,4.99,9.98
2096,575,30,3,4.49,13.47
2097,576,85,4,4.99,19.96
2098,576,76,5,2.79,13.95
2099,576,100,3,5.99,17.97
2100,576,53,3,3.99,11.97
2101,576,68,3,9.99,29.97
2102,577,16,2,7.99,15.98
2103,577,89,3,2.99,8.97
2104,577,65,3,3.49,10.47
2105,577,68,5,9.99,49.95
2106,577,79,5,11.99,59.95
2107,578,48,4,5.49,21.96
2108,578,76,1,2.79,2.79
2109,578,87,2,11.99,23.98
2110,579,60,1,2.99,2.99
2111,579,93,3,12.99,38.97
2112,579,61,5,2.99,14.95
2113,579,17,4,5.99,23.96
2114,580,27,2,5.49,10.98
2115,580,83,2,5.49,10.98
2116,580,92,1,9.99,9.99
2117,580,10,4,6.99,27.96
2118,581,91,3,8.99,26.97
2119,581,44,1,12.99,12.99
2120,581,63,4,4.49,17.96
2121,581,28,3,9.99,29.97
2122,581,65,5,3.49,17.45
2123,581,35,2,3.49,6.98
2124,582,89,1,2.99,2.99
2125,582,75,2,1.49,2.98
2126,583,62,3,6.99,20.97
2127,583,70,5,18.99,94.95
2128,584,5,3,3.49,10.47
2129,584,48,5,5.49,27.45
2130,584,68,4,9.99,39.96
2131,585,59,3,3.99,11.97
2132,586,38,2,8.99,17.98
2133,586,86,5,5.49,27.45
2134,586,74,2,2.29,4.58
2135,586,30,3,4.49,13.47
2136,586,27,2,5.49,10.98
2137,587,79,4,11.99,47.96
2138,587,44,2,12.99,25.98
2139,588,28,5,9.99,49.95
2140,588,53,2,3.99,7.98
2141,589,91,5,8.99,44.95
2142,589,35,4,3.49,13.96
2143,589,75,5,1.49,7.45
2144,590,18,3,6.49,19.47
2145,590,78,2,12.99,25.98
2146,590,73,3,1.99,5.97
2147,590,79,4,11.99,47.96
2148,591,18,3,6.49,19.47
2149,591,34,2,3.99,7.98
2150,591,86,3,5.49,16.47
2151,592,25,3,6.99,20.97
2152,592,64,3,3.99,11.97
2153,592,62,4,6.99,27.96
2154,593,55,4,1.99,7.96
2155,593,46,5,11.99,59.95
2156,593,60,4,2.99,11.96
2157,594,72,1,2.49,2.49
2158,594,33,4,1.99,7.96
2159,594,65,1,3.49,3.49
2160,594,28,4,9.99,39.96
2161,595,47,2,7.99,15.98
2162,595,5,4,3.49,13.96
2163,595,38,3,8.99,26.97
2164,596,47,2,7.99,15.98
2165,597,93,3,12.99,38.97
2166,597,99,3,9.99,29.97
2167,598,1,1,2.99,2.99
2168,598,70,3,18.99,56.97
2169,598,87,4,11.99,47.96
2170,599,49,3,6.99,20.97
2171,599,8,5,6.99,34.95
2172,599,71,5,2.99,14.95
2173,599,90,2,2.99,5.98
2174,600,26,5,4.99,24.95
2175,600,85,5,4.99,24.95
2176,601,60,3,2.99,8.97
2177,601,37,1,3.99,3.99
2178,601,91,1,8.99,8.99
2179,601,8,2,6.99,13.98
2180,602,37,3,3.99,11.97
2181,602,16,4,7.99,31.96
2182,603,96,5,6.99,34.95
2183,603,29,4,2.49,9.96
2184,603,60,1,2.99,2.99
2185,603,15,4,5.99,23.96
2186,603,75,4,1.49,5.96
2187,603,39,2,4.99,9.98
2188,604,77,5,3.49,17.45
2189,604,1,5,2.99,14.95
2190,604,48,4,5.49,21.96
2191,605,23,1,7.99,7.99
2192,606,71,3,2.99,8.97
2193,607,68,5,9.99,49.95
2194,607,84,3,4.99,14.97
2195,607,29,4,2.49,9.96
2196,608,37,1,3.99,3.99
2197,608,4,4,8.99,35.96
2198,608,88,2,7.99,15.98
2199,609,86,1,5.49,5.49
2200,609,71,3,2.99,8.97
2201,609,42,4,6.99,27.96
2202,609,91,2,8.99,17.98
2203,609,66,2,7.99,15.98
2204,609,32,5,13.99,69.95
2205,610,58,5,4.99,24.95
2206,610,51,2,5.99,11.98
2207,610,78,5,12.99,64.95
2208,611,33,4,1.99,7.96
2209,612,68,3,9.99,29.97
2210,612,8,5,6.99,34.95
2211,613,99,3,9.99,29.97
2212,613,19,5,2.99,14.95
2213,613,10,5,6.99,34.95
2214,613,3,3,3.99,11.97
2215,613,37,1,3.99,3.99
2216,614,76,1,2.79,2.79
2217,614,6,3,5.99,17.97
2218,615,92,4,9.99,39.96
2219,615,79,2,11.99,23.98
2220,615,73,2,1.99,3.98
2221,616,45,4,8.99,35.96
2222,616,28,2,9.99,19.98
2223,616,51,4,5.99,23.96
2224,617,98,3,8.49,25.47
2225,617,56,2,7.99,15.98
2226,617,62,3,6.99,20.97
2227,618,22,5,5.49,27.45
2228,618,12,1,14.99,14.99
2229,618,48,2,5.49,10.98
2230,619,71,4,2.99,11.96
2231,620,22,4,5.49,21.96
2232,620,15,4,5.99,23.96
2233,620,36,1,15.99,15.99
2234,620,80,5,13.99,69.95
2235,621,61,5,2.99,14.95
2236,622,15,1,5.99,5.99
2237,622,42,5,6.99,34.95
2238,622,5,4,3.49,13.96
2239,623,41,5,4.49,22.45
2240,624,54,5,4.29,21.45
2241,624,81,4,9.99,39.96
2242,624,76,3,2.79,8.37
2243,625,42,3,6.99,20.97
2244,625,73,1,1.99,1.99
2245,625,78,1,12.99,12.99
2246,625,79,5,11.99,59.95
2247,625,50,1,8.49,8.49
2248,626,69,1,15.99,15.99
2249,626,50,5,8.49,42.45
2250,626,76,2,2.79,5.58
2251,626,54,5,4.29,21.45
2252,626,36,1,15.99,15.99
2253,627,81,4,9.99,39.96
2254,627,75,5,1.49,7.45
2255,627,8,2,6.99,13.98
2256,627,35,1,3.49,3.49
2257,627,29,4,2.49,9.96
2258,628,88,4,7.99,31.96
2259,628,22,4,5.49,21.96
2260,628,96,2,6.99,13.98
2261,629,26,3,4.99,14.97
2262,629,85,1,4.99,4.99
2263,629,46,2,11.99,23.98
2264,629,47,5,7.99,39.95
2265,629,14,3,4.99,14.97
2266,629,40,4,11.99,47.96
2267,630,73,4,1.99,7.96
2268,630,9,1,4.99,4.99
2269,630,28,4,9.99,39.96
2270,630,37,5,3.99,19.95
2271,630,78,3,12.99,38.97
2272,631,65,5,3.49,17.45
2273,632,3,1,3.99,3.99
2274,632,12,1,14.99,14.99
2275,632,60,2,2.99,5.98
2276,632,88,3,7.99,23.97
2277,633,50,2,8.49,16.98
2278,633,7,3,5.49,16.47
2279,633,53,2,3.99,7.98
2280,633,34,5,3.99,19.95
2281,634,35,3,3.49,10.47
2282,634,33,5,1.99,9.95
2283,634,52,4,4.49,17.96
2284,634,98,2,8.49,16.98
2285,634,69,5,15.99,79.95
2286,634,7,3,5.49,16.47
2287,635,58,5,4.99,24.95
2288,635,61,2,2.99,5.98
2289,635,34,2,3.99,7.98
2290,635,28,2,9.99,19.98
2291,635,3,2,3.99,7.98
2292,635,39,3,4.99,14.97
2293,636,1,1,2.99,2.99
2294,636,57,1,5.49,5.49
2295,637,21,5,2.99,14.95
2296,637,24,1,16.99,16.99
2297,637,30,2,4.49,8.98
2298,637,81,5,9.99,49.95
2299,637,18,3,6.49,19.47
2300,638,91,3,8.99,26.97
2301,639,59,2,3.99,7.98
2302,639,21,2,2.99,5.98
2303,639,31,2,4.49,8.98
2304,640,47,2,7.99,15.98
2305,640,89,4,2.99,11.96
2306,640,75,3,1.49,4.47
2307,641,82,2,4.49,8.98
2308,641,99,3,9.99,29.97
2309,642,27,2,5.49,10.98
2310,643,52,1,4.49,4.49
2311,643,13,4,3.99,15.96
2312,643,82,1,4.49,4.49
2313,643,84,4,4.99,19.96
2314,644,63,2,4.49,8.98
2315,644,22,4,5.49,21.96
2316,644,37,1,3.99,3.99
2317,644,42,4,6.99,27.96
2318,644,100,4,5.99,23.96
2319,644,87,4,11.99,47.96
2320,645,73,2,1.99,3.98
2321,645,31,4,4.49,17.96
2322,646,74,1,2.29,2.29
2323,646,44,1,12.99,12.99
2324,646,59,2,3.99,7.98
2325,646,75,5,1.49,7.45
2326,646,65,5,3.49,17.45
2327,647,41,5,4.49,22.45
2328,647,59,1,3.99,3.99
2329,647,83,2,5.49,10.98
2330,647,100,2,5.99,11.98
2331,647,88,1,7.99,7.99
2332,647,85,4,4.99,19.96
2333,648,63,5,4.49,22.45
2334,648,95,3,5.49,16.47
2335,648,64,3,3.99,11.97
2336,648,66,4,7.99,31.96
2337,648,75,2,1.49,2.98
2338,648,19,2,2.99,5.98
2339,649,46,5,11.99,59.95
2340,650,20,4,12.99,51.96
2341,650,44,3,12.99,38.97
2342,650,39,5,4.99,24.95
2343,651,83,4,5.49,21.96
2344,652,69,1,15.99,15.99
2345,653,86,4,5.49,21.96
2346,653,69,4,15.99,63.96
2347,653,73,1,1.99,1.99
2348,653,76,3,2.79,8.37
2349,654,50,3,8.49,25.47
2350,654,34,1,3.99,3.99
2351,654,54,4,4.29,17.16
2352,655,53,3,3.99,11.97
2353,655,4,2,8.99,17.98
2354,655,28,1,9.99,9.99
2355,655,40,4,11.99,47.96
2356,655,49,4,6.99,27.96
2357,655,71,1,2.99,2.99
2358,656,11,3,5.49,16.47
2359,656,20,1,12.99,12.99
2360,656,41,2,4.49,8.98
2361,657,51,2,5.99,11.98
2362,657,31,5,4.49,22.45
2363,658,61,2,2.99,5.98
2364,659,51,2,5.99,11.98
2365,659,89,2,2.99,5.98
2366,659,79,4,11.99,47.96
2367,659,36,1,15.99,15.99
2368,659,28,1,9.99,9.99
2369,660,30,2,4.49,8.98
2370,660,59,3,3.99,11.97
2371,660,66,3,7.99,23.97
2372,660,33,5,1.99,9.95
2373,660,84,4,4.99,19.96
2374,661,93,4,12.99,51.96
2375,661,12,2,14.99,29.98
2376,662,90,5,2.99,14.95
2377,662,49,2,6.99,13.98
2378,663,60,2,2.99,5.98
2379,663,11,3,5.49,16.47
2380,663,66,1,7.99,7.99
2381,663,3,2,3.99,7.98
2382,663,65,1,3.49,3.49
2383,663,98,4,8.49,33.96
2384,664,96,3,6.99,20.97
2385,664,78,4,12.99,51.96
2386,665,25,3,6.99,20.97
2387,665,27,3,5.49,16.47
2388,665,36,5,15.99,79.95
2389,665,20,3,12.99,38.97
2390,665,2,1,4.49,4.49
2391,665,49,1,6.99,6.99
2392,666,92,1,9.99,9.99
2393,666,23,4,7.99,31.96
2394,666,96,1,6.99,6.99
2395,667,74,2,2.29,4.58
2396,667,49,4,6.99,27.96
2397,667,70,1,18.99,18.99
2398,667,35,5,3.49,17.45
2399,667,13,4,3.99,15.96
2400,667,28,5,9.99,49.95
2401,668,75,5,1.49,7.45
2402,668,73,2,1.99,3.98
2403,668,84,2,4.99,9.98
2404,668,53,1,3.99,3.99
2405,668,34,1,3.99,3.99
2406,668,33,3,1.99,5.97
2407,669,79,1,11.99,11.99
2408,669,5,4,3.49,13.96
2409,670,1,1,2.99,2.99
2410,671,100,4,5.99,23.96
2411,671,54,4,4.29,17.16
2412,671,99,5,9.99,49.95
2413,671,93,4,12.99,51.96
2414,672,69,5,15.99,79.95
2415,672,2,1,4.49,4.49
2416,673,3,4,3.99,15.96
2417,673,1,4,2.99,11.96
2418,673,81,3,9.99,29.97
2419,674,89,3,2.99,8.97
2420,674,55,5,1.99,9.95
2421,675,13,5,3.99,19.95
2422,675,76,1,2.79,2.79
2423,675,83,4,5.49,21.96
2424,676,46,5,11.99,59.95
2425,676,45,2,8.99,17.98
2426,676,13,2,3.99,7.98
2427,676,34,2,3.99,7.98
2428,677,77,2,3.49,6.98
2429,677,85,2,4.99,9.98
2430,677,30,2,4.49,8.98
2431,677,29,1,2.49,2.49
2432,677,62,1,6.99,6.99
2433,678,35,4,3.49,13.96
2434,678,57,3,5.49,16.47
2435,678,84,5,4.99,24.95
2436,678,51,1,5.99,5.99
2437,678,31,2,4.49,8.98
2438,678,30,2,4.49,8.98
2439,679,84,2,4.99,9.98
2440,679,67,3,8.49,25.47
2441,679,64,3,3.99,11.97
2442,680,53,4,3.99,15.96
2443,680,37,5,3.99,19.95
2444,680,44,5,12.99,64.95
2445,680,96,5,6.99,34.95
2446,680,9,5,4.99,24.95
2447,680,98,3,8.49,25.47
2448,681,9,3,4.99,14.97
2449,681,72,4,2.49,9.96
2450,682,19,2,2.99,5.98
2451,682,52,5,4.49,22.45
2452,682,41,1,4.49,4.49
2453,683,8,4,6.99,27.96
2454,683,24,1,16.99,16.99
2455,683,37,2,3.99,7.98
2456,683,42,2,6.99,13.98
2457,683,47,1,7.99,7.99
2458,683,59,2,3.99,7.98
2459,684,63,1,4.49,4.49
2460,684,99,2,9.99,19.98
2461,684,38,2,8.99,17.98
2462,684,21,4,2.99,11.96
2463,684,86,3,5.49,16.47
2464,684,98,1,8.49,8.49
2465,685,69,4,15.99,63.96
2466,685,32,4,13.99,55.96
2467,685,77,3,3.49,10.47
2468,685,33,2,1.99,3.98
2469,685,16,5,7.99,39.95
2470,686,48,4,5.49,21.96
2471,686,10,2,6.99,13.98
2472,686,43,4,2.99,11.96
2473,686,60,5,2.99,14.95
2474,687,36,5,15.99,79.95
2475,687,3,4,3.99,15.96
2476,687,1,1,2.99,2.99
2477,688,34,3,3.99,11.97
2478,688,41,5,4.49,22.45
2479,688,40,3,11.99,35.97
2480,688,26,3,4.99,14.97
2481,688,30,2,4.49,8.98
2482,688,9,3,4.99,14.97
2483,689,14,4,4.99,19.96
2484,689,32,5,13.99,69.95
2485,689,19,4,2.99,11.96
2486,690,53,1,3.99,3.99
2487,690,45,3,8.99,26.97
2488,690,35,5,3.49,17.45
2489,690,20,3,12.99,38.97
2490,690,3,1,3.99,3.99
2491,690,55,3,1.99,5.97
2492,691,99,1,9.99,9.99
2493,691,31,5,4.49,22.45
2494,691,57,2,5.49,10.98
2495,691,38,1,8.99,8.99
2496,692,5,4,3.49,13.96
2497,692,30,1,4.49,4.49
2498,693,88,5,7.99,39.95
2499,694,39,3,4.99,14.97
2500,694,81,2,9.99,19.98
2501,694,4,3,8.99,26.97
2502,694,9,3,4.99,14.97
2503,694,25,4,6.99,27.96
2504,694,59,4,3.99,15.96
2505,695,33,1,1.99,1.99
2506,695,31,5,4.49,22.45
2507,695,82,2,4.49,8.98
2508,695,94,4,8.99,35.96
2509,695,16,5,7.99,39.95
2510,696,82,2,4.49,8.98
2511,696,1,2,2.99,5.98
2512,697,90,2,2.99,5.98
2513,698,12,3,14.99,44.97
2514,698,99,5,9.99,49.95
2515,698,7,5,5.49,27.45
2516,698,97,2,6.99,13.98
2517,698,93,5,12.99,64.95
2518,698,47,5,7.99,39.95
2519,699,1,1,2.99,2.99
2520,699,3,5,3.99,19.95
2521,699,10,3,6.99,20.97
2522,699,99,5,9.99,49.95
2523,699,56,2,7.99,15.98
2524,700,73,5,1.99,9.95
2525,700,47,2,7.99,15.98
2526,700,88,3,7.99,23.97
2527,700,11,2,5.49,10.98
2528,700,87,1,11.99,11.99
2529,700,34,2,3.99,7.98
2530,701,14,5,4.99,24.95
2531,701,48,2,5.49,10.98
2532,701,66,2,7.99,15.98
2533,701,98,5,8.49,42.45
2534,701,54,5,4.29,21.45
2535,701,39,4,4.99,19.96
2536,702,43,3,2.99,8.97
2537,702,72,1,2.49,2.49
2538,703,9,3,4.99,14.97
2539,703,58,4,4.99,19.96
2540,703,74,5,2.29,11.45
2541,703,57,4,5.49,21.96
2542,704,60,4,2.99,11.96
2543,704,92,3,9.99,29.97
2544,704,28,2,9.99,19.98
2545,704,62,3,6.99,20.97
2546,705,91,1,8.99,8.99
2547,706,66,5,7.99,39.95
2548,706,92,3,9.99,29.97
2549,706,44,2,12.99,25.98
2550,707,23,5,7.99,39.95
2551,707,53,5,3.99,19.95
2552,707,76,1,2.79,2.79
2553,707,39,1,4.99,4.99
2554,707,27,4,5.49,21.96
2555,707,14,2,4.99,9.98
2556,708,92,4,9.99,39.96
2557,708,55,2,1.99,3.98
2558,709,64,4,3.99,15.96
2559,709,52,2,4.49,8.98
2560,710,80,4,13.99,55.96
2561,710,73,4,1.99,7.96
2562,710,60,5,2.99,14.95
2563,710,1,2,2.99,5.98
2564,710,34,2,3.99,7.98
2565,710,37,3,3.99,11.97
2566,711,99,2,9.99,19.98
2567,712,20,2,12.99,25.98
2568,712,17,4,5.99,23.96
2569,712,100,1,5.99,5.99
2570,713,48,5,5.49,27.45
2571,713,37,2,3.99,7.98
2572,713,32,2,13.99,27.98
2573,713,4,4,8.99,35.96
2574,713,6,2,5.99,11.98
2575,713,84,3,4.99,14.97
2576,714,7,1,5.49,5.49
2577,714,21,1,2.99,2.99
2578,714,74,5,2.29,11.45
2579,715,72,5,2.49,12.45
2580,715,52,1,4.49,4.49
2581,715,73,5,1.99,9.95
2582,716,23,2,7.99,15.98
2583,716,47,4,7.99,31.96
2584,716,41,3,4.49,13.47
2585,716,3,1,3.99,3.99
2586,717,1,5,2.99,14.95
2587,717,28,4,9.99,39.96
2588,717,6,2,5.99,11.98
2589,717,54,1,4.29,4.29
2590,717,82,3,4.49,13.47
2591,718,82,1,4.49,4.49
2592,718,73,4,1.99,7.96
2593,718,54,3,4.29,12.87
2594,719,32,4,13.99,55.96
2595,720,59,5,3.99,19.95
2596,720,12,2,14.99,29.98
2597,720,95,4,5.49,21.96
2598,720,61,3,2.99,8.97
2599,721,28,5,9.99,49.95
2600,721,4,1,8.99,8.99
2601,722,48,5,5.49,27.45
2602,723,59,3,3.99,11.97
2603,723,93,2,12.99,25.98
2604,723,1,4,2.99,11.96
2605,723,27,4,5.49,21.96
2606,723,100,4,5.99,23.96
2607,724,78,1,12.99,12.99
2608,725,47,3,7.99,23.97
2609,725,31,3,4.49,13.47
2610,725,29,5,2.49,12.45
2611,726,37,4,3.99,15.96
2612,726,85,3,4.99,14.97
2613,726,33,3,1.99,5.97
2614,727,10,1,6.99,6.99
2615,728,10,4,6.99,27.96
2616,729,38,5,8.99,44.95
2617,729,10,4,6.99,27.96
2618,730,97,5,6.99,34.95
2619,730,58,4,4.99,19.96
2620,731,34,3,3.99,11.97
2621,731,24,1,16.99,16.99
2622,731,65,4,3.49,13.96
2623,731,81,5,9.99,49.95
2624,731,51,5,5.99,29.95
2625,731,12,5,14.99,74.95
2626,732,92,5,9.99,49.95
2627,732,64,5,3.99,19.95
2628,732,66,4,7.99,31.96
2629,732,88,1,7.99,7.99
2630,733,50,1,8.49,8.49
2631,733,43,5,2.99,14.95
2632,733,20,1,12.99,12.99
2633,733,97,5,6.99,34.95
2634,733,47,1,7.99,7.99
2635,734,59,2,3.99,7.98
2636,735,80,5,13.99,69.95
2637,735,74,5,2.29,11.45
2638,735,3,4,3.99,15.96
2639,736,91,1,8.99,8.99
2640,736,36,3,15.99,47.97
2641,736,100,4,5.99,23.96
2642,736,31,4,4.49,17.96
2643,737,93,5,12.99,64.95
2644,737,21,1,2.99,2.99
2645,737,3,4,3.99,15.96
2646,737,61,4,2.99,11.96
2647,737,99,1,9.99,9.99
2648,738,55,5,1.99,9.95
2649,738,86,2,5.49,10.98
2650,739,67,3,8.49,25.47
2651,740,92,3,9.99,29.97
2652,741,80,1,13.99,13.99
2653,741,99,4,9.99,39.96
2654,741,9,3,4.99,14.97
2655,741,26,3,4.99,14.97
2656,742,42,3,6.99,20.97
2657,742,100,3,5.99,17.97
2658,742,51,2,5.99,11.98
2659,742,36,3,15.99,47.97
2660,742,89,4,2.99,11.96
2661,742,13,1,3.99,3.99
2662,743,71,4,2.99,11.96
2663,743,98,3,8.49,25.47
2664,743,26,2,4.99,9.98
2665,744,7,5,5.49,27.45
2666,744,86,5,5.49,27.45
2667,745,20,3,12.99,38.97
2668,745,60,4,2.99,11.96
2669,745,68,3,9.99,29.97
2670,745,35,2,3.49,6.98
2671,745,58,4,4.99,19.96
2672,745,53,1,3.99,3.99
2673,746,72,3,2.49,7.47
2674,746,60,5,2.99,14.95
2675,746,7,5,5.49,27.45
2676,747,91,2,8.99,17.98
2677,747,81,3,9.99,29.97
2678,747,49,3,6.99,20.97
2679,747,50,1,8.49,8.49
2680,747,8,1,6.99,6.99
2681,747,98,4,8.49,33.96
2682,748,42,5,6.99,34.95
2683,748,100,4,5.99,23.96
2684,748,77,2,3.49,6.98
2685,749,13,2,3.99,7.98
2686,749,52,3,4.49,13.47
2687,749,5,4,3.49,13.96
2688,749,22,3,5.49,16.47
2689,750,12,4,14.99,59.96
2690,750,27,3,5.49,16.47
2691,750,89,2,2.99,5.98
2692,751,99,3,9.99,29.97
2693,751,86,1,5.49,5.49
2694,752,23,2,7.99,15.98
2695,753,50,3,8.49,25.47
2696,753,95,5,5.49,27.45
2697,753,69,5,15.99,79.95
2698,753,30,3,4.49,13.47
2699,753,32,5,13.99,69.95
2700,754,84,2,4.99,9.98
2701,754,90,4,2.99,11.96
2702,754,7,5,5.49,27.45
2703,754,63,1,4.49,4.49
2704,754,76,2,2.79,5.58
2705,755,82,1,4.49,4.49
2706,756,83,5,5.49,27.45
2707,756,51,4,5.99,23.96
2708,756,72,3,2.49,7.47
2709,756,87,2,11.99,23.98
2710,756,61,3,2.99,8.97
2711,756,37,5,3.99,19.95
2712,757,81,4,9.99,39.96
2713,757,91,2,8.99,17.98
2714,757,69,4,15.99,63.96
2715,758,67,3,8.49,25.47
2716,759,69,5,15.99,79.95
2717,759,44,1,12.99,12.99
2718,759,25,3,6.99,20.97
2719,759,11,2,5.49,10.98
2720,759,82,4,4.49,17.96
2721,760,100,2,5.99,11.98
2722,761,37,2,3.99,7.98
2723,761,42,3,6.99,20.97
2724,761,97,1,6.99,6.99
2725,761,73,4,1.99,7.96
2726,761,14,2,4.99,9.98
2727,762,39,2,4.99,9.98
2728,762,36,2,15.99,31.98
2729,762,3,2,3.99,7.98
2730,762,55,4,1.99,7.96
2731,762,22,2,5.49,10.98
2732,762,70,2,18.99,37.98
2733,763,67,3,8.49,25.47
2734,764,78,1,12.99,12.99
2735,764,83,5,5.49,27.45
2736,765,65,4,3.49,13.96
2737,765,50,4,8.49,33.96
2738,765,29,5,2.49,12.45
2739,765,68,5,9.99,49.95
2740,766,1,2,2.99,5.98
2741,766,3,4,3.99,15.96
2742,766,19,2,2.99,5.98
2743,766,97,5,6.99,34.95
2744,766,69,5,15.99,79.95
2745,767,64,5,3.99,19.95
2746,767,9,4,4.99,19.96
2747,767,8,3,6.99,20.97
2748,767,63,3,4.49,13.47
2749,768,90,4,2.99,11.96
2750,768,43,3,2.99,8.97
2751,768,39,3,4.99,14.97
2752,769,67,3,8.49,25.47
2753,769,7,5,5.49,27.45
2754,770,61,1,2.99,2.99
2755,770,30,2,4.49,8.98
2756,770,1,3,2.99,8.97
2757,771,2,2,4.49,8.98
2758,771,54,5,4.29,21.45
2759,771,100,5,5.99,29.95
2760,771,46,2,11.99,23.98
2761,771,83,1,5.49,5.49
2762,771,16,5,7.99,39.95
2763,772,69,4,15.99,63.96
2764,772,28,5,9.99,49.95
2765,772,78,3,12.99,38.97
2766,772,87,1,11.99,11.99
2767,772,66,5,7.99,39.95
2768,772,5,2,3.49,6.98
2769,773,98,3,8.49,25.47
2770,773,74,5,2.29,11.45
2771,773,68,2,9.99,19.98
2772,773,91,4,8.99,35.96
2773,773,78,3,12.99,38.97
2774,773,8,5,6.99,34.95
2775,774,61,4,2.99,11.96
2776,775,4,4,8.99,35.96
2777,775,1,4,2.99,11.96
2778,775,10,5,6.99,34.95
2779,775,61,4,2.99,11.96
2780,775,17,1,5.99,5.99
2781,776,51,1,5.99,5.99
2782,776,9,5,4.99,24.95
2783,777,69,5,15.99,79.95
2784,777,83,1,5.49,5.49
2785,777,27,3,5.49,16.47
2786,777,64,4,3.99,15.96
2787,778,21,2,2.99,5.98
2788,778,46,1,11.99,11.99
2789,778,53,3,3.99,11.97
2790,778,87,1,11.99,11.99
2791,778,71,3,2.99,8.97
2792,778,64,5,3.99,19.95
2793,779,53,1,3.99,3.99
2794,779,62,5,6.99,34.95
2795,779,94,4,8.99,35.96
2796,780,66,2,7.99,15.98
2797,780,41,4,4.49,17.96
2798,780,71,2,2.99,5.98
2799,780,100,4,5.99,23.96
2800,781,87,5,11.99,59.95
2801,781,60,3,2.99,8.97
2802,781,93,3,12.99,38.97
2803,782,17,5,5.99,29.95
2804,782,6,5,5.99,29.95
2805,783,90,2,2.99,5.98
2806,783,8,5,6.99,34.95
2807,783,61,5,2.99,14.95
2808,783,71,3,2.99,8.97
2809,784,78,5,12.99,64.95
2810,785,51,3,5.99,17.97
2811,786,5,1,3.49,3.49
2812,786,95,1,5.49,5.49
2813,786,45,5,8.99,44.95
2814,786,38,1,8.99,8.99
2815,786,96,5,6.99,34.95
2816,787,57,2,5.49,10.98
2817,787,100,2,5.99,11.98
2818,787,59,2,3.99,7.98
2819,787,25,5,6.99,34.95
2820,788,17,2,5.99,11.98
2821,788,93,1,12.99,12.99
2822,789,10,4,6.99,27.96
2823,789,4,1,8.99,8.99
2824,789,5,3,3.49,10.47
2825,789,11,1,5.49,5.49
2826,789,26,1,4.99,4.99
2827,789,86,4,5.49,21.96
2828,790,64,4,3.99,15.96
2829,790,98,4,8.49,33.96
2830,790,85,4,4.99,19.96
2831,790,45,4,8.99,35.96
2832,790,88,2,7.99,15.98
2833,791,79,2,11.99,23.98
2834,791,84,1,4.99,4.99
2835,791,42,3,6.99,20.97
2836,792,47,2,7.99,15.98
2837,792,32,4,13.99,55.96
2838,792,96,3,6.99,20.97
2839,793,98,1,8.49,8.49
2840,793,28,2,9.99,19.98
2841,793,86,3,5.49,16.47
2842,793,84,4,4.99,19.96
2843,794,17,2,5.99,11.98
2844,794,20,3,12.99,38.97
2845,795,53,1,3.99,3.99
2846,795,60,3,2.99,8.97
2847,795,96,4,6.99,27.96
2848,795,1,1,2.99,2.99
2849,795,93,5,12.99,64.95
2850,795,14,3,4.99,14.97
2851,796,55,5,1.99,9.95
2852,797,87,5,11.99,59.95
2853,798,96,3,6.99,20.97
2854,799,71,2,2.99,5.98
2855,800,81,5,9.99,49.95
2856,801,95,1,5.49,5.49
2857,802,23,4,7.99,31.96
2858,802,66,3,7.99,23.97
2859,802,34,1,3.99,3.99
2860,803,76,5,2.79,13.95
2861,803,83,3,5.49,16.47
2862,803,36,1,15.99,15.99
2863,803,56,2,7.99,15.98
2864,803,12,2,14.99,29.98
2865,804,67,5,8.49,42.45
2866,804,35,4,3.49,13.96
2867,804,76,2,2.79,5.58
2868,804,23,5,7.99,39.95
2869,804,68,2,9.99,19.98
2870,804,94,3,8.99,26.97
2871,805,13,2,3.99,7.98
2872,806,92,3,9.99,29.97
2873,806,65,5,3.49,17.45
2874,806,9,2,4.99,9.98
2875,806,46,4,11.99,47.96
2876,806,48,2,5.49,10.98
2877,807,53,2,3.99,7.98
2878,807,66,4,7.99,31.96
2879,807,60,1,2.99,2.99
2880,807,1,5,2.99,14.95
2881,807,23,1,7.99,7.99
2882,808,39,1,4.99,4.99
2883,808,70,3,18.99,56.97
2884,808,74,3,2.29,6.87
2885,808,12,1,14.99,14.99
2886,808,4,3,8.99,26.97
2887,809,61,2,2.99,5.98
2888,809,100,5,5.99,29.95
2889,809,15,5,5.99,29.95
2890,809,54,2,4.29,8.58
2891,809,40,1,11.99,11.99
2892,809,18,4,6.49,25.96
2893,810,15,5,5.99,29.95
2894,810,78,2,12.99,25.98
2895,811,14,3,4.99,14.97
2896,811,28,4,9.99,39.96
2897,811,71,5,2.99,14.95
2898,811,85,4,4.99,19.96
2899,811,87,4,11.99,47.96
2900,812,59,5,3.99,19.95
2901,813,58,3,4.99,14.97
2902,814,92,3,9.99,29.97
2903,814,5,2,3.49,6.98
2904,815,23,4,7.99,31.96
2905,815,7,2,5.49,10.98
2906,816,99,1,9.99,9.99
2907,816,38,3,8.99,26.97
2908,816,31,1,4.49,4.49
2909,816,18,4,6.49,25.96
2910,817,30,5,4.49,22.45
2911,817,16,1,7.99,7.99
2912,817,40,5,11.99,59.95
2913,817,88,1,7.99,7.99
2914,817,5,3,3.49,10.47
2915,817,26,5,4.99,24.95
2916,818,37,5,3.99,19.95
2917,818,91,5,8.99,44.95
2918,818,100,5,5.99,29.95
2919,818,96,4,6.99,27.96
2920,818,79,5,11.99,59.95
2921,819,1,2,2.99,5.98
2922,819,73,3,1.99,5.97
2923,819,99,3,9.99,29.97
2924,819,91,2,8.99,17.98
2925,819,15,4,5.99,23.96
2926,819,75,2,1.49,2.98
2927,820,78,4,12.99,51.96
2928,820,61,4,2.99,11.96
2929,820,76,4,2.79,11.16
2930,821,81,1,9.99,9.99
2931,821,32,4,13.99,55.96
2932,821,48,1,5.49,5.49
2933,821,99,4,9.99,39.96
2934,822,56,3,7.99,23.97
2935,823,11,4,5.49,21.96
2936,823,36,5,15.99,79.95
2937,823,27,4,5.49,21.96
2938,823,19,3,2.99,8.97
2939,823,74,4,2.29,9.16
2940,824,97,1,6.99,6.99
2941,824,44,5,12.99,64.95
2942,824,72,1,2.49,2.49
2943,825,50,1,8.49,8.49
2944,825,20,3,12.99,38.97
2945,826,59,5,3.99,19.95
2946,826,11,5,5.49,27.45
2947,826,80,2,13.99,27.98
2948,826,84,3,4.99,14.97
2949,826,94,1,8.99,8.99
2950,827,62,1,6.99,6.99
2951,827,22,1,5.49,5.49
2952,827,66,3,7.99,23.97
2953,827,99,4,9.99,39.96
2954,827,45,2,8.99,17.98
2955,828,14,5,4.99,24.95
2956,828,36,1,15.99,15.99
2957,828,33,4,1.99,7.96
2958,829,67,5,8.49,42.45
2959,829,28,5,9.99,49.95
2960,829,63,2,4.49,8.98
2961,829,68,5,9.99,49.95
2962,829,45,3,8.99,26.97
2963,829,58,1,4.99,4.99
2964,830,19,1,2.99,2.99
2965,830,83,4,5.49,21.96
2966,831,84,2,4.99,9.98
2967,831,68,3,9.99,29.97
2968,832,84,2,4.99,9.98
2969,833,67,2,8.49,16.98
2970,833,94,5,8.99,44.95
2971,833,80,5,13.99,69.95
2972,833,19,1,2.99,2.99
2973,834,68,4,9.99,39.96
2974,835,68,1,9.99,9.99
2975,835,38,3,8.99,26.97
2976,836,55,2,1.99,3.98
2977,837,42,3,6.99,20.97
2978,837,29,2,2.49,4.98
2979,837,75,4,1.49,5.96
2980,837,5,2,3.49,6.98
2981,837,68,3,9.99,29.97
2982,837,8,4,6.99,27.96
2983,838,93,2,12.99,25.98
2984,839,1,5,2.99,14.95
2985,839,46,2,11.99,23.98
2986,840,6,3,5.99,17.97
2987,840,38,4,8.99,35.96
2988,840,11,5,5.49,27.45
2989,840,54,3,4.29,12.87
2990,840,66,2,7.99,15.98
2991,841,36,3,15.99,47.97
2992,841,76,4,2.79,11.16
2993,841,58,1,4.99,4.99
2994,841,26,4,4.99,19.96
2995,841,62,4,6.99,27.96
2996,841,81,4,9.99,39.96
2997,842,71,2,2.99,5.98
2998,842,62,4,6.99,27.96
2999,842,42,3,6.99,20.97
3000,843,9,1,4.99,4.99
3001,843,81,4,9.99,39.96
3002,843,62,1,6.99,6.99
3003,843,1,4,2.99,11.96
3004,843,25,2,6.99,13.98
3005,844,7,2,5.49,10.98
3006,844,50,1,8.49,8.49
3007,844,39,1,4.99,4.99
3008,844,33,1,1.99,1.99
3009,844,44,2,12.99,25.98
3010,844,1,4,2.99,11.96
3011,845,1,2,2.99,5.98
3012,846,94,3,8.99,26.97
3013,846,16,2,7.99,15.98
3014,846,45,3,8.99,26.97
3015,846,23,4,7.99,31.96
3016,846,67,3,8.49,25.47
3017,847,76,3,2.79,8.37
3018,847,71,3,2.99,8.97
3019,847,92,5,9.99,49.95
3020,847,61,3,2.99,8.97
3021,847,37,1,3.99,3.99
3022,848,27,4,5.49,21.96
3023,849,95,1,5.49,5.49
3024,849,82,5,4.49,22.45
3025,850,84,2,4.99,9.98
3026,850,65,2,3.49,6.98
3027,850,11,5,5.49,27.45
3028,850,30,1,4.49,4.49
3029,851,62,4,6.99,27.96
3030,851,12,1,14.99,14.99
3031,851,9,1,4.99,4.99
3032,851,88,2,7.99,15.98
3033,852,62,4,6.99,27.96
3034,853,69,1,15.99,15.99
3035,853,30,1,4.49,4.49
3036,854,85,4,4.99,19.96
3037,854,80,5,13.99,69.95
3038,855,19,4,2.99,11.96
3039,855,46,2,11.99,23.98
3040,855,21,4,2.99,11.96
3041,856,83,1,5.49,5.49
3042,856,82,5,4.49,22.45
3043,856,71,2,2.99,5.98
3044,856,38,2,8.99,17.98
3045,856,92,3,9.99,29.97
3046,857,25,5,6.99,34.95
3047,858,43,2,2.99,5.98
3048,859,76,3,2.79,8.37
3049,859,26,2,4.99,9.98
3050,859,73,3,1.99,5.97
3051,860,100,2,5.99,11.98
3052,860,13,1,3.99,3.99
3053,860,51,4,5.99,23.96
3054,860,80,4,13.99,55.96
3055,861,7,3,5.49,16.47
3056,861,81,5,9.99,49.95
3057,862,49,2,6.99,13.98
3058,863,10,2,6.99,13.98
3059,863,28,3,9.99,29.97
3060,864,93,4,12.99,51.96
3061,864,72,1,2.49,2.49
3062,864,34,4,3.99,15.96
3063,864,16,1,7.99,7.99
3064,864,30,2,4.49,8.98
3065,864,88,5,7.99,39.95
3066,865,73,3,1.99,5.97
3067,865,51,5,5.99,29.95
3068,865,30,2,4.49,8.98
3069,865,48,2,5.49,10.98
3070,865,50,5,8.49,42.45
3071,866,28,1,9.99,9.99
3072,866,54,1,4.29,4.29
3073,866,10,1,6.99,6.99
3074,867,97,5,6.99,34.95
3075,867,57,5,5.49,27.45
3076,867,70,1,18.99,18.99
3077,867,77,5,3.49,17.45
3078,868,6,2,5.99,11.98
3079,868,29,3,2.49,7.47
3080,868,97,3,6.99,20.97
3081,868,15,1,5.99,5.99
3082,868,88,2,7.99,15.98
3083,868,19,1,2.99,2.99
3084,869,64,2,3.99,7.98
3085,869,92,1,9.99,9.99
3086,869,47,4,7.99,31.96
3087,869,56,1,7.99,7.99
3088,869,33,5,1.99,9.95
3089,869,66,1,7.99,7.99
3090,870,60,5,2.99,14.95
3091,870,77,1,3.49,3.49
3092,870,15,2,5.99,11.98
3093,870,79,1,11.99,11.99
3094,871,57,5,5.49,27.45
3095,871,100,1,5.99,5.99
3096,871,5,1,3.49,3.49
3097,871,61,4,2.99,11.96
3098,871,16,5,7.99,39.95
3099,872,30,4,4.49,17.96
3100,872,47,3,7.99,23.97
3101,872,54,5,4.29,21.45
3102,872,27,4,5.49,21.96
3103,872,31,4,4.49,17.96
3104,872,7,2,5.49,10.98
3105,873,93,4,12.99,51.96
3106,873,66,5,7.99,39.95
3107,873,7,3,5.49,16.47
3108,873,21,3,2.99,8.97
3109,873,94,4,8.99,35.96
3110,873,47,4,7.99,31.96
3111,874,12,4,14.99,59.96
3112,874,20,5,12.99,64.95
3113,875,15,2,5.99,11.98
3114,875,51,2,5.99,11.98
3115,875,77,3,3.49,10.47
3116,876,66,2,7.99,15.98
3117,876,100,4,5.99,23.96
3118,876,82,3,4.49,13.47
3119,876,57,2,5.49,10.98
3120,876,51,3,5.99,17.97
3121,876,96,1,6.99,6.99
3122,877,72,3,2.49,7.47
3123,877,6,2,5.99,11.98
3124,877,18,1,6.49,6.49
3125,877,96,4,6.99,27.96
3126,878,5,5,3.49,17.45
3127,878,59,2,3.99,7.98
3128,878,72,4,2.49,9.96
3129,878,27,2,5.49,10.98
3130,879,41,3,4.49,13.47
3131,879,6,2,5.99,11.98
3132,879,33,4,1.99,7.96
3133,879,11,4,5.49,21.96
3134,879,91,4,8.99,35.96
3135,879,92,4,9.99,39.96
3136,880,81,4,9.99,39.96
3137,880,26,4,4.99,19.96
3138,880,73,4,1.99,7.96
3139,880,45,4,8.99,35.96
3140,880,51,3,5.99,17.97
3141,880,96,3,6.99,20.97
3142,881,56,4,7.99,31.96
3143,881,21,2,2.99,5.98
3144,881,96,5,6.99,34.95
3145,882,15,2,5.99,11.98
3146,882,97,2,6.99,13.98
3147,883,14,2,4.99,9.98
3148,883,73,5,1.99,9.95
3149,883,91,2,8.99,17.98
3150,883,76,5,2.79,13.95
3151,883,53,3,3.99,11.97
3152,883,35,4,3.49,13.96
3153,884,54,4,4.29,17.16
3154,884,46,3,11.99,35.97
3155,884,83,3,5.49,16.47
3156,884,44,2,12.99,25.98
3157,884,30,4,4.49,17.96
3158,885,85,4,4.99,19.96
3159,885,90,1,2.99,2.99
3160,886,43,4,2.99,11.96
3161,886,79,3,11.99,35.97
3162,886,78,5,12.99,64.95
3163,886,2,4,4.49,17.96
3164,886,82,1,4.49,4.49
3165,887,68,2,9.99,19.98
3166,887,87,3,11.99,35.97
3167,888,10,2,6.99,13.98
3168,888,40,4,11.99,47.96
3169,888,53,5,3.99,19.95
3170,888,6,4,5.99,23.96
3171,888,32,2,13.99,27.98
3172,889,100,1,5.99,5.99
3173,889,48,2,5.49,10.98
3174,889,81,4,9.99,39.96
3175,889,90,5,2.99,14.95
3176,890,17,2,5.99,11.98
3177,890,22,3,5.49,16.47
3178,890,85,5,4.99,24.95
3179,890,82,2,4.49,8.98
3180,890,99,4,9.99,39.96
3181,890,13,5,3.99,19.95
3182,891,55,2,1.99,3.98
3183,891,67,4,8.49,33.96
3184,892,52,4,4.49,17.96
3185,892,82,2,4.49,8.98
3186,892,9,2,4.99,9.98
3187,893,58,3,4.99,14.97
3188,893,16,5,7.99,39.95
3189,893,63,5,4.49,22.45
3190,893,26,5,4.99,24.95
3191,894,70,1,18.99,18.99
3192,894,85,1,4.99,4.99
3193,894,90,1,2.99,2.99
3194,894,89,1,2.99,2.99
3195,894,81,1,9.99,9.99
3196,894,63,1,4.49,4.49
3197,895,37,3,3.99,11.97
3198,896,24,3,16.99,50.97
3199,897,96,2,6.99,13.98
3200,897,9,2,4.99,9.98
3201,897,19,2,2.99,5.98
3202,898,80,1,13.99,13.99
3203,898,38,3,8.99,26.97
3204,898,64,5,3.99,19.95
3205,899,72,5,2.49,12.45
3206,899,4,4,8.99,35.96
3207,899,49,4,6.99,27.96
3208,900,13,2,3.99,7.98
3209,900,45,3,8.99,26.97
3210,900,9,3,4.99,14.97
3211,901,56,5,7.99,39.95
3212,902,98,2,8.49,16.98
3213,902,43,2,2.99,5.98
3214,903,85,1,4.99,4.99
3215,903,37,5,3.99,19.95
3216,903,31,5,4.49,22.45
3217,903,83,4,5.49,21.96
3218,904,56,5,7.99,39.95
3219,904,90,5,2.99,14.95
3220,905,74,4,2.29,9.16
3221,905,25,3,6.99,20.97
3222,905,50,2,8.49,16.98
3223,905,97,1,6.99,6.99
3224,905,53,2,3.99,7.98
3225,905,85,4,4.99,19.96
3226,906,6,1,5.99,5.99
3227,907,79,4,11.99,47.96
3228,907,2,4,4.49,17.96
3229,908,23,4,7.99,31.96
3230,908,90,2,2.99,5.98
3231,908,9,1,4.99,4.99
3232,908,38,5,8.99,44.95
3233,909,76,3,2.79,8.37
3234,909,91,4,8.99,35.96
3235,909,85,5,4.99,24.95
3236,909,29,5,2.49,12.45
3237,909,93,2,12.99,25.98
3238,909,7,4,5.49,21.96
3239,910,45,4,8.99,35.96
3240,911,78,5,12.99,64.95
3241,911,14,3,4.99,14.97
3242,911,93,3,12.99,38.97
3243,911,51,1,5.99,5.99
3244,911,97,3,6.99,20.97
3245,911,69,1,15.99,15.99
3246,912,35,2,3.49,6.98
3247,912,43,5,2.99,14.95
3248,913,12,4,14.99,59.96
3249,913,80,2,13.99,27.98
3250,913,37,1,3.99,3.99
3251,914,90,2,2.99,5.98
3252,914,18,3,6.49,19.47
3253,914,5,3,3.49,10.47
3254,914,73,1,1.99,1.99
3255,914,1,3,2.99,8.97
3256,914,23,5,7.99,39.95
3257,915,42,1,6.99,6.99
3258,915,91,5,8.99,44.95
3259,915,13,5,3.99,19.95
3260,915,95,4,5.49,21.96
3261,916,94,3,8.99,26.97
3262,916,84,3,4.99,14.97
3263,917,24,5,16.99,84.95
3264,917,90,3,2.99,8.97
3265,918,9,1,4.99,4.99
3266,918,22,4,5.49,21.96
3267,918,65,3,3.49,10.47
3268,918,24,2,16.99,33.98
3269,918,94,1,8.99,8.99
3270,919,30,2,4.49,8.98
3271,919,34,3,3.99,11.97
3272,919,28,3,9.99,29.97
3273,919,70,4,18.99,75.96
3274,919,52,4,4.49,17.96
3275,919,2,3,4.49,13.47
3276,920,48,3,5.49,16.47
3277,921,13,4,3.99,15.96
3278,921,25,1,6.99,6.99
3279,921,46,3,11.99,35.97
3280,921,32,5,13.99,69.95
3281,921,81,1,9.99,9.99
3282,921,39,2,4.99,9.98
3283,922,35,1,3.49,3.49
3284,922,79,5,11.99,59.95
3285,922,93,1,12.99,12.99
3286,922,97,3,6.99,20.97
3287,922,40,4,11.99,47.96
3288,923,3,4,3.99,15.96
3289,923,16,4,7.99,31.96
3290,924,14,1,4.99,4.99
3291,924,6,3,5.99,17.97
3292,924,36,4,15.99,63.96
3293,924,24,3,16.99,50.97
3294,925,59,5,3.99,19.95
3295,925,73,4,1.99,7.96
3296,925,78,4,12.99,51.96
3297,926,75,3,1.49,4.47
3298,926,90,2,2.99,5.98
3299,926,83,3,5.49,16.47
3300,926,97,3,6.99,20.97
3301,926,30,5,4.49,22.45
3302,926,68,2,9.99,19.98
3303,927,92,3,9.99,29.97
3304,927,31,3,4.49,13.47
3305,927,66,1,7.99,7.99
3306,927,99,4,9.99,39.96
3307,928,7,1,5.49,5.49
3308,928,38,3,8.99,26.97
3309,928,83,5,5.49,27.45
3310,928,22,1,5.49,5.49
3311,928,20,1,12.99,12.99
3312,928,60,2,2.99,5.98
3313,929,62,2,6.99,13.98
3314,930,25,2,6.99,13.98
3315,931,47,1,7.99,7.99
3316,931,64,2,3.99,7.98
3317,931,59,5,3.99,19.95
3318,932,42,1,6.99,6.99
3319,932,80,1,13.99,13.99
3320,933,20,1,12.99,12.99
3321,934,48,3,5.49,16.47
3322,934,72,5,2.49,12.45
3323,934,99,1,9.99,9.99
3324,934,35,2,3.49,6.98
3325,934,100,5,5.99,29.95
3326,934,95,4,5.49,21.96
3327,935,11,3,5.49,16.47
3328,935,85,1,4.99,4.99
3329,935,26,5,4.99,24.95
3330,935,81,1,9.99,9.99
3331,935,64,1,3.99,3.99
3332,935,65,2,3.49,6.98
3333,936,40,1,11.99,11.99
3334,936,30,2,4.49,8.98
3335,937,20,1,12.99,12.99
3336,938,98,4,8.49,33.96
3337,939,48,2,5.49,10.98
3338,939,9,2,4.99,9.98
3339,939,40,1,11.99,11.99
3340,939,99,1,9.99,9.99
3341,939,22,4,5.49,21.96
3342,939,60,3,2.99,8.97
3343,940,88,5,7.99,39.95
3344,940,44,2,12.99,25.98
3345,940,72,4,2.49,9.96
3346,940,31,2,4.49,8.98
3347,940,83,4,5.49,21.96
3348,940,29,5,2.49,12.45
3349,941,29,2,2.49,4.98
3350,941,15,4,5.99,23.96
3351,941,40,3,11.99,35.97
3352,941,89,5,2.99,14.95
3353,941,68,1,9.99,9.99
3354,941,22,4,5.49,21.96
3355,942,50,5,8.49,42.45
3356,942,34,1,3.99,3.99
3357,943,8,2,6.99,13.98
3358,944,60,3,2.99,8.97
3359,944,15,2,5.99,11.98
3360,945,61,5,2.99,14.95
3361,945,86,2,5.49,10.98
3362,945,84,1,4.99,4.99
3363,945,63,1,4.49,4.49
3364,945,99,2,9.99,19.98
3365,946,92,3,9.99,29.97
3366,946,72,2,2.49,4.98
3367,947,53,4,3.99,15.96
3368,947,81,5,9.99,49.95
3369,948,96,5,6.99,34.95
3370,948,90,4,2.99,11.96
3371,948,47,5,7.99,39.95
3372,949,68,3,9.99,29.97
3373,949,96,2,6.99,13.98
3374,949,80,4,13.99,55.96
3375,949,40,3,11.99,35.97
3376,949,81,3,9.99,29.97
3377,949,99,2,9.99,19.98
3378,950,88,1,7.99,7.99
3379,950,22,3,5.49,16.47
3380,950,97,3,6.99,20.97
3381,950,56,2,7.99,15.98
3382,950,23,1,7.99,7.99
3383,951,30,1,4.49,4.49
3384,952,69,3,15.99,47.97
3385,952,85,1,4.99,4.99
3386,952,41,5,4.49,22.45
3387,952,8,4,6.99,27.96
3388,953,67,4,8.49,33.96
3389,954,93,1,12.99,12.99
3390,955,90,5,2.99,14.95
3391,955,23,3,7.99,23.97
3392,955,82,5,4.49,22.45
3393,956,42,1,6.99,6.99
3394,956,93,5,12.99,64.95
3395,956,75,3,1.49,4.47
3396,956,16,3,7.99,23.97
3397,956,4,4,8.99,35.96
3398,956,13,3,3.99,11.97
3399,957,30,4,4.49,17.96
3400,957,85,3,4.99,14.97
3401,957,40,4,11.99,47.96
3402,957,65,3,3.49,10.47
3403,957,59,4,3.99,15.96
3404,957,78,3,12.99,38.97
3405,958,22,2,5.49,10.98
3406,958,70,2,18.99,37.98
3407,958,66,5,7.99,39.95
3408,958,89,2,2.99,5.98
3409,958,3,1,3.99,3.99
3410,959,35,3,3.49,10.47
3411,959,56,4,7.99,31.96
3412,959,16,4,7.99,31.96
3413,959,5,4,3.49,13.96
3414,959,28,3,9.99,29.97
3415,959,30,4,4.49,17.96
3416,960,22,4,5.49,21.96
3417,960,35,4,3.49,13.96
3418,960,96,2,6.99,13.98
3419,960,49,2,6.99,13.98
3420,961,66,4,7.99,31.96
3421,961,51,4,5.99,23.96
3422,961,53,1,3.99,3.99
3423,961,6,2,5.99,11.98
3424,961,52,3,4.49,13.47
3425,961,27,4,5.49,21.96
3426,962,65,2,3.49,6.98
3427,962,98,4,8.49,33.96
3428,962,64,3,3.99,11.97
3429,962,15,1,5.99,5.99
3430,962,59,4,3.99,15.96
3431,962,5,2,3.49,6.98
3432,963,30,5,4.49,22.45
3433,963,88,2,7.99,15.98
3434,964,84,1,4.99,4.99
3435,964,79,1,11.99,11.99
3436,965,90,4,2.99,11.96
3437,965,3,2,3.99,7.98
3438,965,79,3,11.99,35.97
3439,965,26,3,4.99,14.97
3440,966,69,1,15.99,15.99
3441,966,5,4,3.49,13.96
3442,967,76,2,2.79,5.58
3443,967,34,3,3.99,11.97
3444,967,90,5,2.99,14.95
3445,967,98,3,8.49,25.47
3446,968,4,2,8.99,17.98
3447,968,30,4,4.49,17.96
3448,969,4,4,8.99,35.96
3449,969,82,4,4.49,17.96
3450,969,69,4,15.99,63.96
3451,969,43,2,2.99,5.98
3452,969,29,4,2.49,9.96
3453,970,13,1,3.99,3.99
3454,970,70,3,18.99,56.97
3455,970,92,1,9.99,9.99
3456,970,15,1,5.99,5.99
3457,970,75,3,1.49,4.47
3458,970,57,4,5.49,21.96
3459,971,90,3,2.99,8.97
3460,971,61,2,2.99,5.98
3461,971,97,2,6.99,13.98
3462,971,36,5,15.99,79.95
3463,971,19,4,2.99,11.96
3464,972,40,4,11.99,47.96
3465,972,48,4,5.49,21.96
3466,973,54,3,4.29,12.87
3467,974,83,2,5.49,10.98
3468,974,62,3,6.99,20.97
3469,974,91,3,8.99,26.97
3470,974,80,5,13.99,69.95
3471,974,39,4,4.99,19.96
3472,974,72,5,2.49,12.45
3473,975,36,5,15.99,79.95
3474,976,73,5,1.99,9.95
3475,976,45,3,8.99,26.97
3476,977,47,3,7.99,23.97
3477,977,33,2,1.99,3.98
3478,977,77,3,3.49,10.47
3479,978,10,4,6.99,27.96
3480,978,69,1,15.99,15.99
3481,978,94,1,8.99,8.99
3482,978,36,4,15.99,63.96
3483,978,16,3,7.99,23.97
3484,979,14,2,4.99,9.98
3485,979,15,2,5.99,11.98
3486,979,81,3,9.99,29.97
3487,979,60,2,2.99,5.98
3488,980,7,4,5.49,21.96
3489,980,54,3,4.29,12.87
3490,980,6,5,5.99,29.95
3491,981,55,5,1.99,9.95
3492,981,57,3,5.49,16.47
3493,981,33,2,1.99,3.98
3494,982,78,3,12.99,38.97
3495,982,48,5,5.49,27.45
3496,983,85,5,4.99,24.95
3497,983,58,5,4.99,24.95
3498,984,82,2,4.49,8.98
3499,984,49,4,6.99,27.96
3500,985,98,4,8.49,33.96
3501,985,5,1,3.49,3.49
3502,985,77,3,3.49,10.47
3503,985,79,5,11.99,59.95
3504,985,50,1,8.49,8.49
3505,986,97,2,6.99,13.98
3506,986,71,5,2.99,14.95
3507,986,87,3,11.99,35.97
3508,986,34,1,3.99,3.99
3509,987,2,4,4.49,17.96
3510,987,96,4,6.99,27.96
3511,987,65,5,3.49,17.45
3512,987,6,3,5.99,17.97
3513,987,64,1,3.99,3.99
3514,988,68,4,9.99,39.96
3515,988,21,2,2.99,5.98
3516,988,5,3,3.49,10.47
3517,988,96,2,6.99,13.98
3518,989,33,1,1.99,1.99
3519,989,11,4,5.49,21.96
3520,989,80,2,13.99,27.98
3521,990,39,1,4.99,4.99
3522,990,45,3,8.99,26.97
3523,991,92,5,9.99,49.95
3524,991,40,4,11.99,47.96
3525,991,84,5,4.99,24.95
3526,992,73,3,1.99,5.97
3527,992,38,3,8.99,26.97
3528,993,64,3,3.99,11.97
3529,993,45,5,8.99,44.95
3530,993,20,5,12.99,64.95
3531,993,62,2,6.99,13.98
3532,994,65,2,3.49,6.98
3533,994,86,5,5.49,27.45
3534,994,24,5,16.99,84.95
3535,994,34,1,3.99,3.99
3536,994,38,3,8.99,26.97
3537,994,89,1,2.99,2.99
3538,995,60,2,2.99,5.98
3539,995,71,5,2.99,14.95
3540,995,40,5,11.99,59.95
3541,995,62,3,6.99,20.97
3542,995,6,2,5.99,11.98
3543,995,73,4,1.99,7.96
3544,996,33,1,1.99,1.99
3545,996,80,3,13.99,41.97
3546,996,41,3,4.49,13.47
3547,996,44,2,12.99,25.98
3548,997,7,3,5.49,16.47
3549,997,54,1,4.29,4.29
3550,998,59,4,3.99,15.96
3551,999,74,3,2.29,6.87
3552,1000,35,2,3.49,6.98
3553,1000,8,4,6.99,27.96
3554,1000,33,4,1.99,7.96
3555,1000,6,5,5.99,29.95
